,ID,EC number,reaction,flux
0,PRO_PROTON_vc,NA,PROTON_v + PRO_c --> PROTON_c + PRO_v,0.0
1,Ca_tx,NA, <=> CAII_e,0.0
2,H2O_xc,NA,WATER_x <=> WATER_c,4.906689309001741e-20
3,sCIT_biomass,NA,sCIT_b <-- CIT_c,0.0
4,ACETYLGLUTKIN_RXN_p,2.7.2.8,ACETYL_GLU_p + 0.9 ATP_p + 0.1 PROTON_p + 0.1 aATP_p --> 0.8 ADP_p + N_ACETYL_GLUTAMYL_P_p + 0.2 aADP_p,9.744401136948162e-05
5,2KG_OAA_mc,NA,2_KETOGLUTARATE_m + OXALACETIC_ACID_c <=> 2_KETOGLUTARATE_c + OXALACETIC_ACID_m,0.0
6,LEUCINE_TRNA_LIGASE_RXN_c,6.1.1.4,0.65 ATP_c + LEU_c + LEU_tRNAs_c + PROTON_c + 0.35 aATP_c --> AMP_c + Charged_LEU_tRNAs_c + 0.65 PPI_c + 0.35 aPPI_c,2.9369981195221866e-06
7,DIAMINOPIMDECARB_RXN_p,4.1.1.20,MESO_DIAMINOPIMELATE_p + PROTON_p --> CARBON_DIOXIDE_p + LYS_p,0.00018784283685349584
8,ASPARTATE_TRNA_LIGASE_RXN_c,6.1.1.12,ASP_tRNAs_c + 0.65 ATP_c + L_ASPARTATE_c + PROTON_c + 0.35 aATP_c --> AMP_c + Charged_ASP_tRNAs_c + 0.65 PPI_c + 0.35 aPPI_c,0.00021205183055687463
9,F16ALDOLASE_RXN_p,4.1.2.13,FRUCTOSE_16_DIPHOSPHATE_p <=> DIHYDROXY_ACETONE_PHOSPHATE_p + GAP_p,0.0
10,RXN_7978_p,1.14.13.90,CPD1F_130_p + OXYGEN_MOLECULE_p + 2.0 PROTON_p + 2.0 Reduced_ferredoxins_p --> CPD1F_131_p + 2.0 Oxidized_ferredoxins_p + WATER_p,0.0
11,Photon_tx,NA, <-- Photon_e,0.0
12,2_METHYL_ACETO_ACETYL_COA_xc,NA,2_METHYL_ACETO_ACETYL_COA_x <=> 2_METHYL_ACETO_ACETYL_COA_c,0.0
13,F16ALDOLASE_RXN_c,4.1.2.13,FRUCTOSE_16_DIPHOSPHATE_c <=> DIHYDROXY_ACETONE_PHOSPHATE_c + GAP_c,0.007164803517626734
14,RXN_9532_p,1.1.1.100,3_oxo_dodecanoyl_ACPs_p + NADPH_p + PROTON_p --> NADP_p + R_3_hydroxydodecanoyl_ACPs_p,0.0009246481624685671
15,RXN_5642_c,2.1.1.103,0.88 CPD_406_c + S_ADENOSYLMETHIONINE_c + 0.12 aCPD_406_c --> ADENOSYL_HOMO_CYS_c + 0.88 CPD_5441_c + 0.12 aCPD_5441_c,0.0
16,L_ASCORBATE_PEROXIDASE_RXN_p,1.11.1.11,ASCORBATE_p + HYDROGEN_PEROXIDE_p --> L_DEHYDRO_ASCORBATE_p + 2.0 WATER_p,0.0
17,L_ASCORBATE_PEROXIDASE_RXN_m,1.11.1.11,ASCORBATE_m + HYDROGEN_PEROXIDE_m --> L_DEHYDRO_ASCORBATE_m + 2.0 WATER_m,0.0
18,SER_PROTON_vc,NA,PROTON_v + SER_c --> PROTON_c + SER_v,0.0
19,PYRUVATE_PROTON_mc,NA,PROTON_m + PYRUVATE_m <=> PROTON_c + PYRUVATE_c,-0.0067992423140167835
20,NADH_DEHYDROG_A_RXN_mi,1.6.5.3,NADH_m + 5.0 PROTON_m + UBIQUINONE_mi --> NAD_m + 4.0 PROTON_i + UBIQUINOL_mi,0.030875613439401362
21,L_ALPHA_ALANINE_PROTON_vc,NA,L_ALPHA_ALANINE_c + PROTON_v --> L_ALPHA_ALANINE_v + PROTON_c,0.0
22,NADH_DEHYDROG_A_RXN_mc,1.6.5.3,NADH_m + 5.0 PROTON_m + UBIQUINONE_mc --> NAD_m + 4.0 PROTON_c + UBIQUINOL_mc,0.0
23,ACETYL_COA_ACETYLTRANSFER_RXN_x,2.3.1.9,ACETOACETYL_COA_x + CO_A_x --> 2.0 ACETYL_COA_x,0.0
24,pTHR_biomass,NA,2.0 PROTON_c + THR_tRNAs_c + pTHR_b <-- Charged_THR_tRNAs_c + Protein_polymerisation_cost_c + Protein_processing_cost_c + Protein_tranlocation_cost_c + WATER_c,-0.0001300852853669463
25,Starch_biomass,NA,Starch_b <-- STARCH_p,-0.0019608618904857836
26,MAL_Pi_mc,NA,MAL_m + 0.7 Pi_c + 0.3 aPi_c <=> MAL_c + 0.3 PROTON_c + Pi_m,0.0
27,ALANINE_GLYOXYLATE_AMINOTRANSFERASE_RXN_x,2.6.1.44,GLYOX_x + L_ALPHA_ALANINE_x --> GLY_x + PYRUVATE_x,0.0
28,RXN_9663_p,1.3.1.9,2_Hexadecenoyl_ACPs_p + NADH_p + PROTON_p --> NAD_p + Palmitoyl_ACPs_p,0.0009246481624685673
29,H_pc,NA,PROTON_p <=> PROTON_c,-0.0034615209622727086
30,H_mc,NA,PROTON_c --> PROTON_m,2.1577426930324616e-05
31,2_METHYL_3_HYDROXY_BUTYRYL_COA_mc,NA,2_METHYL_3_HYDROXY_BUTYRYL_COA_m <=> 2_METHYL_3_HYDROXY_BUTYRYL_COA_c,0.0
32,RIBULOSE_BISPHOSPHATE_CARBOXYLASE_RXN_p,4.1.1.39,CARBON_DIOXIDE_p + D_RIBULOSE_15_P2_p + WATER_p --> 2.0 G3P_p + 2.0 PROTON_p,0.0
33,IGPSYN_RXN_p,4.1.1.48,CARBOXYPHENYLAMINO_DEOXYRIBULOSE_P_p + PROTON_p --> CARBON_DIOXIDE_p + INDOLE_3_GLYCEROL_P_p + WATER_p,0.0
34,5_METHYL_THF_pc,NA,5_METHYL_THF_p <=> 5_METHYL_THF_c,-1.0388742520512118e-20
35,ASN_PROTON_vc,NA,ASN_c + PROTON_v --> ASN_v + PROTON_c,0.0
36,WATER_vc,NA,WATER_v <=> WATER_c,0.0
37,RXN_9652_p,2.3.1.41,Decanoyl_ACPs_p + MALONYL_COA_p + PROTON_p --> 3_oxo_dodecanoyl_ACPs_p + CARBON_DIOXIDE_p + CO_A_p,0.0009246481624685671
38,FUMHYDR_RXN_m,4.2.1.2,FUM_m + WATER_m <=> MAL_m,0.006483455508182785
39,RXN0_884_p,1.17.1.2,0.79 HYDROXY_METHYL_BUTENYL_DIP_p + 2.0 PROTON_p + 2.0 Reduced_ferredoxins_p + 0.21 aHYDROXY_METHYL_BUTENYL_DIP_p --> 0.79 CPD_4211_p + 2.0 Oxidized_ferredoxins_p + WATER_p + 0.21 aCPD_4211_p,0.0
40,HS_pc,NA,HS_p + 0.15 PROTON_c <=> 0.85 HS_c + 0.15 aHS_c,0.0
41,FUMHYDR_RXN_c,4.2.1.2,FUM_c + WATER_c <=> MAL_c,0.0001894980671158619
42,GLUTAMINE_TRNA_LIGASE_RXN_c,6.1.1.18,0.65 ATP_c + GLN_c + GLN_tRNAs_c + PROTON_c + 0.35 aATP_c --> AMP_c + Charged_GLN_tRNAs_c + 0.65 PPI_c + 0.35 aPPI_c,7.290119845197848e-05
43,ALANINE_AMINOTRANSFERASE_RXN_m,2.6.1.2,2_KETOGLUTARATE_m + L_ALPHA_ALANINE_m <=> GLT_m + PYRUVATE_m,0.0
44,Nitrate_ec,NA,NITRATE_e + 2.0 PROTON_e --> NITRATE_c + 2.0 PROTON_c,0.0
45,GLYCOGENSYN_RXN_p,2.4.1.21,ADP_D_GLUCOSE_p --> 0.8 ADP_p + 0.8 PROTON_p + STARCH_p + 0.2 aADP_p,0.001960861890485784
46,NITRATE_vc,NA,NITRATE_v --> NITRATE_c,0.0
47,RXN_1841_v,3.2.1.80,FRUCTAN_v + WATER_v --> FRU_v,0.0
48,ALANINE_AMINOTRANSFERASE_RXN_x,2.6.1.2,2_KETOGLUTARATE_x + L_ALPHA_ALANINE_x <=> GLT_x + PYRUVATE_x,0.0
49,MALSYN_RXN_x,2.3.3.9,ACETYL_COA_x + GLYOX_x + WATER_x --> CO_A_x + MAL_x + PROTON_x,1.310608739361803e-20
50,MYO_INOSITOL_1OR_4_MONOPHOSPHATASE_RXN_c,3.1.3.25,1_L_MYO_INOSITOL_1_P_c + 0.3 PROTON_c + WATER_c --> MYO_INOSITOL_c + 0.7 Pi_c + 0.3 aPi_c,0.0
51,ORNITHINE_CITRULLINE_pc,NA,L_CITRULLINE_c + L_ORNITHINE_p <=> L_CITRULLINE_p + L_ORNITHINE_c,3.4719481971700507e-20
52,RXN0_2301_m,1.3.99.10,ISOVALERYL_COA_m + UBIQUINONE_mi --> 3_METHYL_CROTONYL_COA_m + UBIQUINOL_mi,0.0
53,GLT_xc,NA,GLT_x <=> GLT_c,0.0
54,pGLU_biomass,NA,GLT_tRNAs_c + 2.0 PROTON_c + pGLU_b <-- Charged_GLT_tRNAs_c + Protein_polymerisation_cost_c + Protein_processing_cost_c + Protein_tranlocation_cost_c + WATER_c,-0.00012437892038024497
55,UREASE_RXN_c,3.5.1.5,2.0 PROTON_c + UREA_c + WATER_c --> 2.0 AMMONIUM_c + CARBON_DIOXIDE_c,0.0
56,ALANINE_AMINOTRANSFERASE_RXN_c,2.6.1.2,2_KETOGLUTARATE_c + L_ALPHA_ALANINE_c <=> GLT_c + PYRUVATE_c,-0.00012793021309145022
57,DIAMINOPIMEPIM_RXN_p,5.1.1.7,LL_DIAMINOPIMELATE_p --> MESO_DIAMINOPIMELATE_p,0.00018784283685349584
58,sFUM_biomass,NA,sFUM_b <-- FUM_c,0.0
59,GLURS_RXN_c,6.1.1.17,0.65 ATP_c + GLT_c + GLT_tRNAs_c + PROTON_c + 0.35 aATP_c --> AMP_c + Charged_GLT_tRNAs_c + 0.65 PPI_c + 0.35 aPPI_c,0.00012437892038024497
60,ISOBUTYRYL_COA_xc,NA,ISOBUTYRYL_COA_x <=> ISOBUTYRYL_COA_c,0.0
61,2K_ADIPATE_mc,NA,2K_ADIPATE_m <=> 2K_ADIPATE_c,0.0
62,GABATRANSAM_RXN_m,2.6.1.19,2_KETOGLUTARATE_m + 4_AMINO_BUTYRATE_m --> GLT_m + SUCC_S_ALD_m,0.0
63,1_ACYLGLYCEROL_3_P_ACYLTRANSFER_RXN_p,2.3.1.51,ACYL_SN_GLYCEROL_3P_p + Palmitoyl_ACPs_p --> ACP_p + L_PHOSPHATIDATE_p,0.00046232408123428364
64,GLY_PROTON_rev_vc,NA,GLY_v + PROTON_v --> GLY_c + PROTON_c,0.0
65,THREDEHYD_RXN_p,4.3.1.19,THR_p --> 2_OXOBUTANOATE_p + AMMONIUM_p,7.99829650597768e-05
66,MANNPISOM_RXN_c,5.3.1.8,FRUCTOSE_6P_c <=> MANNOSE_6P_c,0.0
67,ATP_pc,NA,0.9 ATP_p + 0.35 PROTON_c + 0.1 aATP_p <=> 0.65 ATP_c + 0.1 PROTON_p + 0.35 aATP_c,-3.230029507861114e-18
68,PROPCOASYN_RXN_x,1.3.99.3,NAD_x + PROPIONYL_COA_x --> ACRYLYL_COA_x + NADH_x + PROTON_x,-4.479124282031417e-20
69,OAA_Pi_mc,NA,OXALACETIC_ACID_m + 0.7 Pi_c + 0.3 aPi_c <=> OXALACETIC_ACID_c + 0.3 PROTON_c + Pi_m,-9.227159571181667e-20
70,ACSERLY_RXN_c,2.5.1.47,ACETYLSERINE_c + 0.85 HS_c + 0.15 aHS_c --> ACET_c + CYS_c + 0.15 PROTON_c,0.0
71,ACETOOHBUTSYN_RXN_p,2.2.1.6,2_OXOBUTANOATE_p + PROTON_p + PYRUVATE_p --> 2_ACETO_2_HYDROXY_BUTYRATE_p + CARBON_DIOXIDE_p,7.99829650597768e-05
72,2_ISOPROPYLMALATESYN_RXN_p,2.3.3.13,2_KETO_ISOVALERATE_p + ACETYL_COA_p + WATER_p --> 3_CARBOXY_3_HYDROXY_ISOCAPROATE_p + CO_A_p + PROTON_p,2.9369981195221857e-06
73,3_ISOPROPYLMALISOM_RXN_p,4.2.1.33,3_CARBOXY_3_HYDROXY_ISOCAPROATE_p --> CPD_9451_p + WATER_p,2.936998119522186e-06
74,4_AMINO_BUTYRATE_PROTON_rev_vc,NA,4_AMINO_BUTYRATE_v + PROTON_v --> 4_AMINO_BUTYRATE_c + PROTON_c,0.0
75,GLUC1PADENYLTRANS_RXN_p,2.7.7.27,0.9 ATP_p + GLC_1_P_p + 0.45 PROTON_p + 0.1 aATP_p --> ADP_D_GLUCOSE_p + 0.55 PPI_p + 0.45 bPPI_p,0.0019608618904857836
76,ACONITATEHYDR_RXN_c,4.2.1.3,CIS_ACONITATE_c + WATER_c <=> THREO_DS_ISO_CITRATE_c,0.0
77,PROTONATP_rev_vc,NA,0.65 ATP_c + 1.45 PROTON_c + WATER_c + 0.35 aATP_c --> 0.5 ADP_c + 2.0 PROTON_v + 0.7 Pi_c + 0.5 aADP_c + 0.3 aPi_c,0.0
78,MALTODEXGLUCOSID_RXN_p,3.2.1.20,STARCH_p + WATER_p --> GLC_p,0.0
79,PGLYCDEHYDROG_RXN_p,1.1.1.95,G3P_p + NAD_p <=> 3_P_HYDROXYPYRUVATE_p + NADH_p + PROTON_p,0.0004119697239285615
80,ACETOOHBUTREDUCTOISOM_RXN_p,1.1.1.86,2_ACETO_2_HYDROXY_BUTYRATE_p + NADPH_p + PROTON_p --> 1_KETO_2_METHYLVALERATE_p + NADP_p,7.998296505977681e-05
81,THR_PROTON_rev_vc,NA,PROTON_v + THR_v --> PROTON_c + THR_c,0.0
82,ACSERLY_RXN_p,2.5.1.47,ACETYLSERINE_p + HS_p --> ACET_p + CYS_p,7.81167228793179e-05
83,Beta_Oxidation_x,NA,0.65 ATP_x + 8.0 CO_A_x + 7.0 NAD_x + 7.0 OXYGEN_MOLECULE_x + PALMITATE_x + 7.0 WATER_x + 0.35 aATP_x --> 8.0 ACETYL_COA_x + AMP_x + 7.0 HYDROGEN_PEROXIDE_x + 7.0 NADH_x + 0.65 PPI_x + 7.0 PROTON_x + 0.35 aPPI_x,-7.097717002557883e-21
84,RXN_9661_p,1.3.1.9,Dodec_2_enoyl_ACPs_p + NADH_p + PROTON_p --> Dodecanoyl_ACPs_p + NAD_p,0.0009246481624685671
85,ACONITATEHYDR_RXN_m,4.2.1.3,CIS_ACONITATE_m + WATER_m <=> THREO_DS_ISO_CITRATE_m,0.006778179638384487
86,RXN_6883_mi,1,2.0 Oxidized_Ferroproteins_m + UBIQUINOL_mi --> 2.0 PROTON_m + 2.0 Reduced_Ferroproteins_m + UBIQUINONE_mi,0.0
87,H_tx,NA,PROTON_e --> ,0.0036088907503214517
88,GLUTARYL_COA_DEHYDROG_RXN_m,NA,GLUTARYL_COA_m + UBIQUINONE_mi --> GLUTACONYL_COA_m + UBIQUINOL_mi,0.0
89,PRPPAMIDOTRANS_RXN_p,2.4.2.14,GLN_p + 0.8 PRPP_p + WATER_p + 0.2 aPRPP_p --> 0.5 5_P_BETA_D_RIBOSYL_AMINE_p + GLT_p + 0.55 PPI_p + 2.15 PROTON_p + 0.5 a5_P_BETA_D_RIBOSYL_AMINE_p + 0.45 bPPI_p,0.0
90,lycopene_biosynthesis_p,NA,1.58 GERANYLGERANYL_PP_p + 4.0 PLASTOQUINONE_p + 0.42 aGERANYLGERANYL_PP_p --> CPD1F_114_p + 4.0 PLASTOQUINOL_1_p + 1.1 PPI_p + 1.32 PROTON_p + 0.9 bPPI_p,0.0
91,1_PERIOD_5_PERIOD_1_PERIOD_8_RXN_c,1.5.1.8,2_KETOGLUTARATE_c + LYS_c + NADPH_c + PROTON_c --> NADP_c + SACCHAROPINE_c + WATER_c,0.0
92,RXN_6883_mc,1,2.0 Oxidized_Ferroproteins_m + UBIQUINOL_mc --> 2.0 PROTON_m + 2.0 Reduced_Ferroproteins_m + UBIQUINONE_mc,0.0
93,RXN_13202_p,6.3.4.16,AMMONIUM_p + 1.8 ATP_p + CARBON_DIOXIDE_p + WATER_p + 0.2 aATP_p --> 1.6 ADP_p + CARBAMOYL_P_p + 2.8 PROTON_p + Pi_p + 0.4 aADP_p,0.0
94,RXN_9650_p,2.3.1.41,Hexanoyl_ACPs_p + MALONYL_COA_p + PROTON_p --> 3_Oxo_octanoyl_ACPs_p + CARBON_DIOXIDE_p + CO_A_p,0.0009246481624685671
95,DHAP_Pi_pc,NA,DIHYDROXY_ACETONE_PHOSPHATE_p + 0.7 Pi_c + 0.3 aPi_c <=> DIHYDROXY_ACETONE_PHOSPHATE_c + 0.3 PROTON_c + Pi_p,0.0
96,H_im,NA,PROTON_i --> PROTON_m,0.0
97,CDPKIN_RXN_p,2.7.4.6,0.8 ADP_p + 0.79 CTP_p + 0.2 aADP_p + 0.21 aCTP_p <=> 0.9 ATP_p + 0.79 CDP_p + 0.1 PROTON_p + 0.1 aATP_p + 0.21 aCDP_p,0.0
98,H2O_pc,NA,WATER_p <=> WATER_c,0.0
99,RXN_7703_c,3.1.3,NADP_c + 0.3 PROTON_c + WATER_c --> NAD_c + 0.7 Pi_c + 0.3 aPi_c,2.9272651824201878e-19
100,CDPKIN_RXN_m,2.7.4.6,0.9 ATP_m + 0.79 CDP_m + 0.1 PROTON_m + 0.1 aATP_m + 0.21 aCDP_m --> 0.8 ADP_m + 0.79 CTP_m + 0.2 aADP_m + 0.21 aCTP_m,0.0
101,OAA_ISOCITRATE_mc,NA,OXALACETIC_ACID_m + PROTON_c + THREO_DS_ISO_CITRATE_c <=> OXALACETIC_ACID_c + PROTON_m + THREO_DS_ISO_CITRATE_m,0.0
102,3PGAREARR_RXN_p,5.4.2.1,G3P_p <=> 2_PG_p,0.006311295244239321
103,RXN_14903_m,NA,PRO_m + UBIQUINONE_mc --> L_DELTA1_PYRROLINE_5_CARBOXYLATE_m + PROTON_c + UBIQUINOL_mc,0.0
104,FGAMSYN_RXN_p,6.3.5.3,5_P_RIBOSYL_N_FORMYLGLYCINEAMIDE_p + 0.9 ATP_p + GLN_p + WATER_p + 0.1 aATP_p --> 0.8 5_PHOSPHORIBOSYL_N_FORMYLGLYCINEAMIDINE_p + 0.8 ADP_p + GLT_p + 1.7 PROTON_p + Pi_p + 0.2 a5_PHOSPHORIBOSYL_N_FORMYLGLYCINEAMIDINE_p + 0.2 aADP_p,0.0
105,2_METHYL_3_HYDROXY_BUTYRYL_COA_xc,NA,2_METHYL_3_HYDROXY_BUTYRYL_COA_x <=> 2_METHYL_3_HYDROXY_BUTYRYL_COA_c,0.0
106,ASN_PROTON_rev_vc,NA,ASN_v + PROTON_v --> ASN_c + PROTON_c,0.0
107,ISOCITRATE_DEHYDROGENASE_NAD_RXN_m,1.1.1.41,NAD_m + THREO_DS_ISO_CITRATE_m --> 2_KETOGLUTARATE_m + CARBON_DIOXIDE_m + NADH_m,0.0
108,1TRANSKETO_RXN_p,2.2.1.1,D_SEDOHEPTULOSE_7_P_p + GAP_p <=> RIBOSE_5P_p + XYLULOSE_5_PHOSPHATE_p,-0.003001258093022161
109,Sucrose_tx,NA, <-- SUCROSE_e,0.0
110,ADP_pc,NA,0.8 ADP_p + 0.5 PROTON_c + 0.2 aADP_p <=> 0.5 ADP_c + 0.2 PROTON_p + 0.5 aADP_c,0.0
111,RXN_9536_p,1.1.1.100,3_oxo_myristoyl_ACPs_p + NADPH_p + PROTON_p --> NADP_p + R_3_hydroxymyristoyl_ACPs_p,0.0009246481624685673
112,GAP_Pi_pc,NA,GAP_p + 0.7 Pi_c + 0.3 aPi_c <=> GAP_c + 0.3 PROTON_c + Pi_p,-0.001999721305290103
113,3_HYDROXYISOBUTYRATE_DEHYDROGENASE_RXN_m,1.1.1.31,CPD_12175_m + NAD_m --> CH3_MALONATE_S_ALD_m + NADH_m + PROTON_m,-3.0103553315240084e-20
114,4_HYDROXYPHENYLPYRUVATE_DIOXYGENASE_RXN_c,1.13.11.27,OXYGEN_MOLECULE_c + 0.53 P_HYDROXY_PHENYLPYRUVATE_c + 0.47 aP_HYDROXY_PHENYLPYRUVATE_c --> CARBON_DIOXIDE_c + 0.92 HOMOGENTISATE_c + 0.39 PROTON_c + 0.08 aHOMOGENTISATE_c,0.0
115,MANNOSE_6_PHOSPHATE_6_REDUCTASE_RXN_c,NA,MANNOSE_6P_c + NADPH_c + 3.0 PROTON_c --> MANNITOL_1P_c + NADP_c,0.0
116,MAL_ISOCITRATE_mc,NA,MAL_m + PROTON_c + THREO_DS_ISO_CITRATE_c <=> MAL_c + PROTON_m + THREO_DS_ISO_CITRATE_m,-0.006778179638384488
117,RXN_12541_c,NA,2.0 FeII_c + 2.0 OXYGEN_MOLECULE_c --> 2.0 FeIII_c + 2.0 SUPER_OXIDE_c,0.0
118,sALA_biomass,NA,sALA_b <-- L_ALPHA_ALANINE_c,0.0
119,LYS_PROTON_vc,NA,LYS_c + PROTON_v --> LYS_v + PROTON_c,0.0
120,IMPCYCLOHYDROLASE_RXN_p,3.5.4.10,PHOSPHORIBOSYL_FORMAMIDO_CARBOXAMIDE_p --> IMP_p + WATER_p,9.205405574638031e-05
121,FERREDOXIN_NITRITE_REDUCTASE_RXN_p,1.7.7.1,NITRITE_p + 8.0 PROTON_p + 6.0 Reduced_ferredoxins_p --> AMMONIUM_p + 6.0 Oxidized_ferredoxins_p + 2.0 WATER_p,0.0
122,ASPARTATEKIN_RXN_p,2.7.2.4,0.9 ATP_p + L_ASPARTATE_p + 0.1 PROTON_p + 0.1 aATP_p --> 0.8 ADP_p + L_BETA_ASPARTYL_P_p + 0.2 aADP_p,0.000476027810159537
123,RXN_9523_p,2.3.1.41,Hexanoyl_ACPs_p + MALONYL_ACP_p + PROTON_p --> 3_Oxo_octanoyl_ACPs_p + ACP_p + CARBON_DIOXIDE_p,0.0
124,MALTODEG_RXN_c,NIL,MALTOSE_c <=> GLC_c + Heteroglycans_c,0.0
125,ARGINASE_RXN_m,3.5.3.1,ARG_m + WATER_m --> L_ORNITHINE_m + UREA_m,0.0
126,3_DEHYDROQUINATE_DEHYDRATASE_RXN_p,4.2.1.10,DEHYDROQUINATE_p --> 3_DEHYDRO_SHIKIMATE_p + PROTON_p + WATER_p,0.0002228734847558832
127,ISOBUTYRYL_COA_mc,NA,ISOBUTYRYL_COA_m <=> ISOBUTYRYL_COA_c,0.0
128,RXN_13161_m,1.13.11.18,0.92 CPD_11281_m + OXYGEN_MOLECULE_m + WATER_m + 0.05 aCPD_11281_m + 0.03 bCPD_11281_m --> GLUTATHIONE_m + 1.85 PROTON_m + 0.83 SO3_m + 0.17 aSO3_m,0.0
129,1_PERIOD_2_PERIOD_1_PERIOD_13_RXN_p,1.2.1.13,DPG_p + NADPH_p + PROTON_p --> GAP_p + NADP_p + Pi_p,0.0
130,ACETALD_mc,NA,ACETALD_m <=> ACETALD_c,0.0
131,GAP_3PGA_pc,NA,G3P_c + GAP_p <=> G3P_p + GAP_c,0.0
132,HOMOSERDEHYDROG_RXN_NADP_p,1.1.1.3,L_ASPARTATE_SEMIALDEHYDE_p + NADPH_p + PROTON_p --> HOMO_SER_p + NADP_p,0.0
133,TRP_TRNA_LIGASE_RXN_c,6.1.1.4,0.65 ATP_c + TRP_c + TRP_tRNAs_c + 0.35 aATP_c --> AMP_c + Charged_TRP_tRNAs_c + 0.65 PPI_c + PROTON_c + 0.35 aPPI_c,0.0
134,2KETO_4METHYL_PENTANOATE_DEHYDROG_RXN_m,NIL,2K_4CH3_PENTANOATE_m + CO_A_m + NAD_m --> CARBON_DIOXIDE_m + ISOVALERYL_COA_m + NADH_m,0.0
135,CYTOCHROME_C_OXIDASE_RXN_mc,1.9.3.1,4.0 Cytochromes_C_Reduced_mc + OXYGEN_MOLECULE_m + 8.0 PROTON_m --> 4.0 Cytochromes_C_Oxidized_mc + 4.0 PROTON_c + 2.0 WATER_m,0.0
136,1_PERIOD_1_PERIOD_1_PERIOD_178_RXN_x,1.1.1.178,2_METHYL_3_HYDROXY_BUTYRYL_COA_x + NAD_x --> 2_METHYL_ACETO_ACETYL_COA_x + NADH_x + PROTON_x,0.0
137,CYTOCHROME_C_OXIDASE_RXN_mi,1.9.3.1,4.0 Cytochromes_C_Reduced_mi + OXYGEN_MOLECULE_m + 8.0 PROTON_m --> 4.0 Cytochromes_C_Oxidized_mi + 4.0 PROTON_i + 2.0 WATER_m,0.018679534473792073
138,OAA_CIT_mc,NA,CIT_c + OXALACETIC_ACID_m + PROTON_c <=> CIT_m + OXALACETIC_ACID_c + PROTON_m,0.0
139,SUCCINATE_COA_LIGASE_GDP_FORMING_RXN_m,NA,0.2 GDP_m + Pi_m + SUC_COA_m + 0.8 aGDP_m --> CO_A_m + 0.9 GTP_m + 0.7 PROTON_m + SUC_m + 0.1 aGTP_m,0.0
140,RXN_5682_p,1.3.1.43,CPD_659_p + NADP_p --> CARBON_DIOXIDE_p + NADPH_p + TYR_p,0.00011392089251891838
141,RIBULP3EPIM_RXN_p,5.1.3.1,RIBULOSE_5P_p <=> XYLULOSE_5_PHOSPHATE_p,0.0007254686620341199
142,2_PERIOD_3_PERIOD_1_PERIOD_180_RXN_p,2.3.1.180,ACETYL_COA_p + MALONYL_ACP_p + PROTON_p --> Acetoacetyl_ACPs_p + CARBON_DIOXIDE_p + CO_A_p,0.0009246481624685672
143,pILE_biomass,NA,ILE_tRNAs_c + 2.0 PROTON_c + pILE_b <-- Charged_ILE_tRNAs_c + Protein_polymerisation_cost_c + Protein_processing_cost_c + Protein_tranlocation_cost_c + WATER_c,-7.998296505977681e-05
144,SER_PROTON_rev_vc,NA,PROTON_v + SER_v --> PROTON_c + SER_c,0.0
145,GGPP_biosynthesis_p,NA,0.79 CPD_4211_p + 2.37 DELTA3_ISOPENTENYL_PP_p + 0.21 aCPD_4211_p + 0.63 aDELTA3_ISOPENTENYL_PP_p --> 0.79 GERANYLGERANYL_PP_p + 1.65 PPI_p + 1.98 PROTON_p + 0.21 aGERANYLGERANYL_PP_p + 1.35 bPPI_p,0.0
146,OAA_ACONITATE_mc,NA,CIS_ACONITATE_c + OXALACETIC_ACID_m + PROTON_c <=> CIS_ACONITATE_m + OXALACETIC_ACID_c + PROTON_m,0.006778179638384487
147,ADPREDUCT_RXN_p,1.17.4.1,0.8 ADP_p + 0.01 PROTON_p + Red_Thioredoxin_p + 0.2 aADP_p --> 0.79 DADP_p + Ox_Thioredoxin_p + WATER_p + 0.21 aDADP_p,0.0
148,pASP_biomass,NA,ASP_tRNAs_c + 2.0 PROTON_c + pASP_b <-- Charged_ASP_tRNAs_c + Protein_polymerisation_cost_c + Protein_processing_cost_c + Protein_tranlocation_cost_c + WATER_c,-0.00021205183055687463
149,HOMOSERDEHYDROG_RXN_NAD_p,1.1.1.3,L_ASPARTATE_SEMIALDEHYDE_p + NADH_p + PROTON_p --> HOMO_SER_p + NAD_p,0.00028818497330604105
150,AICARSYN_RXN_p,4.3.2.2,P_RIBOSYL_4_SUCCCARB_AMINOIMIDAZOLE_p --> AICAR_p + FUM_p,0.0
151,SERINE_TRNA_LIGASE_RXN_c,6.1.1.11,0.65 ATP_c + PROTON_c + SER_c + SER_tRNAs_c + 0.35 aATP_c --> AMP_c + Charged_SER_tRNAs_c + 0.65 PPI_c + 0.35 aPPI_c,0.00018525964935385374
152,H2O_tx,NA, <=> WATER_e,-0.05053220570570539
153,TYR_PROTON_vc,NA,PROTON_v + TYR_c --> PROTON_c + TYR_v,0.0
154,RXN0_5330_NADP_mi,1.6.5,NADPH_m + PROTON_m + UBIQUINONE_mi --> NADP_m + UBIQUINOL_mi,0.0
155,SUCROSE_PROTON_vc,NA,PROTON_v + SUCROSE_c --> PROTON_c + SUCROSE_v,0.0
156,CDPREDUCT_RXN_p,1.17.4.1,0.79 CDP_p + Red_Thioredoxin_p + 0.21 aCDP_p --> 0.79 DCDP_p + Ox_Thioredoxin_p + WATER_p + 0.21 aDCDP_p,0.0
157,GLYCOLLATE_pc,NA,GLYCOLLATE_p <=> GLYCOLLATE_c,0.0
158,PYRUVATEORTHOPHOSPHATE_DIKINASE_RXN_p,2.7.9.1,0.9 ATP_p + PYRUVATE_p + Pi_p + 0.1 aATP_p --> AMP_p + PHOSPHO_ENOL_PYRUVATE_p + 0.55 PPI_p + 1.55 PROTON_p + 0.45 bPPI_p,0.0
159,3PGA_Pi_pc,NA,G3P_p + 0.7 Pi_c + 0.3 aPi_c <=> G3P_c + 0.3 PROTON_c + Pi_p,-0.0019451590546115116
160,PYRROLINECARBDEHYDROG_RXN_NADP_m,1.2.1.88,L_DELTA1_PYRROLINE_5_CARBOXYLATE_m + NADP_m + 2.0 WATER_m --> GLT_m + NADPH_m + PROTON_m,0.0
161,MET_PROTON_rev_vc,NA,MET_v + PROTON_v --> MET_c + PROTON_c,0.0
162,CATAL_RXN_x,1.11.1.6,2.0 HYDROGEN_PEROXIDE_x --> OXYGEN_MOLECULE_x + 2.0 WATER_x,-2.4842009508952595e-20
163,sGLU_biomass,NA,sGLU_b <-- GLT_c,0.0
164,IMP_DEHYDROG_RXN_c,1.1.1.205,0.3 IMP_c + NAD_c + WATER_c + 0.7 aIMP_c --> NADH_c + 1.63 PROTON_c + 0.93 XANTHOSINE_5_PHOSPHATE_c + 0.07 aXANTHOSINE_5_PHOSPHATE_c,3.293483426669763e-20
165,AMPSYN_RXN_p,4.3.2.2,ADENYLOSUCC_p --> AMP_p + FUM_p,9.205405574638031e-05
166,RXN_9654_p,2.3.1.41,MALONYL_COA_p + Myristoyl_ACPs_p + PROTON_p --> 3_oxo_palmitoyl_ACPs_p + CARBON_DIOXIDE_p + CO_A_p,0.0009246481624685672
167,RIBULP3EPIM_RXN_c,5.1.3.1,RIBULOSE_5P_c <=> XYLULOSE_5_PHOSPHATE_c,0.005054174039254322
168,PYRUVATEORTHOPHOSPHATE_DIKINASE_RXN_c,2.7.9.1,0.65 ATP_c + PYRUVATE_c + 0.7 Pi_c + 0.35 aATP_c + 0.3 aPi_c --> AMP_c + PHOSPHO_ENOL_PYRUVATE_c + 0.65 PPI_c + 1.3 PROTON_c + 0.35 aPPI_c,0.0
169,MALATE_DEHYDROGENASE_NADP_RXN_p,NA,NADPH_p + OXALACETIC_ACID_p + PROTON_p --> MAL_p + NADP_p,0.0
170,SUCCINATE_SEMIALDEHYDE_DEHYDROGENASE_RXN_m,1.2.1.24,NAD_m + SUCC_S_ALD_m + WATER_m --> NADH_m + 2.0 PROTON_m + SUC_m,0.0
171,DADPKIN_RXN_p,2.7.4.6,0.9 ATP_p + 0.79 DADP_p + 0.1 PROTON_p + 0.1 aATP_p + 0.21 aDADP_p --> 0.8 ADP_p + 0.79 DATP_p + 0.2 aADP_p + 0.21 aDATP_p,0.0
172,HOMOGENTISATE_12_DIOXYGENASE_RXN_c,1.13.11.5,0.92 HOMOGENTISATE_c + OXYGEN_MOLECULE_c + 0.08 aHOMOGENTISATE_c --> 4_MALEYL_ACETOACETATE_c + 0.08 PROTON_c,0.0
173,CYS_mc,NA,0.92 CYS_m + 0.08 PROTON_m + 0.08 bCYS_m <=> CYS_c,0.0
174,RXN0_5330_NADP_mc,1.6.5,NADPH_m + PROTON_m + UBIQUINONE_mc --> NADP_m + UBIQUINOL_mc,0.0
175,2_PERIOD_7_PERIOD_7_PERIOD_13_RXN_c,2.7.7.13,0.65 GTP_c + MANNOSE_1P_c + PROTON_c + 0.35 aGTP_c --> GDP_MANNOSE_c + 0.65 PPI_c + 0.35 aPPI_c,0.0
176,NITRITE_pc,NA,NITRITE_c + PROTON_c --> NITRITE_p + PROTON_p,0.0
177,ACONITATEDEHYDR_RXN_m,4.2.1.3,CIT_m <=> CIS_ACONITATE_m + WATER_m,0.0
178,DIACYLGLYCEROL_pr,NA,DIACYLGLYCEROL_p <=> DIACYLGLYCEROL_r,0.0
179,SUC_SO4_mc,NA,SUC_m + SULFATE_c <=> SUC_c + SULFATE_m,0.0
180,sMAL_biomass,NA,sMAL_b <-- MAL_c,0.0
181,HOMOCYSMETB12_RXN_p,2.1.1.13,5_METHYL_THF_p + HOMO_CYS_p --> MET_p + THF_p,1.0570243086049764e-20
182,TRIOSEPISOMERIZATION_RXN_c,5.3.1.1,GAP_c <=> DIHYDROXY_ACETONE_PHOSPHATE_c,-0.00670247943639245
183,2KETO_3METHYLVALERATE_RXN_m,NIL,2_KETO_3_METHYL_VALERATE_m + CO_A_m + NAD_m --> 2_METHYL_BUTYRYL_COA_m + CARBON_DIOXIDE_m + NADH_m,0.0
184,RXN_3522_p,1.6.5.4,2.0 CPD_318_p + NADPH_p + PROTON_p --> 2.0 ASCORBATE_p + NADP_p,0.0
185,ACONITATEDEHYDR_RXN_c,4.2.1.3,CIT_c <=> CIS_ACONITATE_c + WATER_c,0.00677817963838449
186,HISTIDINE_TRNA_LIGASE_RXN_c,6.1.1.21,0.65 ATP_c + HIS_c + HIS_tRNAs_c + PROTON_c + 0.35 aATP_c --> AMP_c + Charged_HIS_tRNAs_c + 0.65 PPI_c + 0.35 aPPI_c,9.20540557463803e-05
187,TRIOSEPISOMERIZATION_RXN_p,5.3.1.1,GAP_p <=> DIHYDROXY_ACETONE_PHOSPHATE_p,0.0
188,MANNPGUANYLTRANGDP_RXN_c,NA,GDP_MANNOSE_c + 0.7 Pi_c + 0.3 aPi_c --> 0.5 GDP_c + MANNOSE_1P_c + 0.8 PROTON_c + 0.5 aGDP_c,0.0
189,O2_ec,NA,OXYGEN_MOLECULE_e <=> OXYGEN_MOLECULE_c,0.029012867807125406
190,Protein_Polymerisation_c,NA,1.3 GTP_c + 2.0 WATER_c + 0.7 aGTP_c --> GDP_c + 1.1 PROTON_c + 1.4 Pi_c + Protein_polymerisation_cost_c + aGDP_c + 0.6 aPi_c,0.001907679961789628
191,RXN0_5224_c,4.2.1.1,CARBON_DIOXIDE_c + WATER_c <=> HCO3_c + PROTON_c,0.00109064653687026
192,4_PERIOD_2_PERIOD_1_PERIOD_61_RXN_p,4.2.1.61,R_3_Hydroxypalmitoyl_ACPs_p --> 2_Hexadecenoyl_ACPs_p + WATER_p,0.0009246481624685673
193,Pi_ec,NA,3.0 PROTON_e + Pi_e --> 4.7 PROTON_c + 0.7 Pi_c + 0.3 aPi_c,0.0004623240812342868
194,1_PERIOD_10_PERIOD_2_PERIOD_2_RXN_mc,1.10.2.2,2.0 Cytochromes_C_Oxidized_mc + 2.0 PROTON_m + UBIQUINOL_mc --> 2.0 Cytochromes_C_Reduced_mc + 4.0 PROTON_c + UBIQUINONE_mc,0.0
195,VAL_PROTON_vc,NA,PROTON_v + VAL_c --> PROTON_c + VAL_v,0.0
196,ADENOSYLHOMOCYSTEINASE_RXN_c,3.3.1.1,ADENOSYL_HOMO_CYS_c + WATER_c --> ADENOSINE_c + HOMO_CYS_c,4.522199170721279e-19
197,DIHYDROOROT_RXN_p,3.5.2.3,CARBAMYUL_L_ASPARTATE_p + PROTON_p --> DI_H_OROTATE_p + WATER_p,0.0
198,PRO_GLU_mc,NA,GLT_c + PRO_m <=> GLT_m + PRO_c,0.0
199,1_PERIOD_8_PERIOD_5_PERIOD_1_RXN_m,1.8.5.1,2.0 GLUTATHIONE_m + L_DEHYDRO_ASCORBATE_m --> ASCORBATE_m + 0.91 OXIDIZED_GLUTATHIONE_m + 0.09 PROTON_m + 0.09 bOXIDIZED_GLUTATHIONE_m,0.0
200,2_PERIOD_4_PERIOD_1_PERIOD_111_RXN_c,2.4.1.111,CONIFERYL_ALCOHOL_c + UDP_GLUCOSE_c --> CPD_1777_c + 0.5 PROTON_c + 0.5 UDP_c + 0.5 aUDP_c,0.0
201,RXN0_5224_p,4.2.1.1,CARBON_DIOXIDE_p + WATER_p <=> HCO3_p + PROTON_p,0.006472537137279972
202,PROPIONYL_COA_mc,NA,PROPIONYL_COA_m <=> PROPIONYL_COA_c,-4.479124282031416e-20
203,1_PERIOD_8_PERIOD_5_PERIOD_1_RXN_p,1.8.5.1,2.0 GLUTATHIONE_p + L_DEHYDRO_ASCORBATE_p --> ASCORBATE_p + 0.91 OXIDIZED_GLUTATHIONE_p + 0.09 PROTON_p + 0.09 bOXIDIZED_GLUTATHIONE_p,0.0
204,FRU_PROTON_rev_vc,NA,FRU_c + PROTON_v --> FRU_v + PROTON_c,9.419997151448687e-05
205,METHYLGLUTACONYL_COA_HYDRATASE_RXN_m,4.2.1.18,TRANS_3_METHYL_GLUTACONYL_COA_m + WATER_m --> 3_HYDROXY_3_METHYL_GLUTARYL_COA_m,0.0
206,RXN0_5224_m,4.2.1.1,CARBON_DIOXIDE_m + WATER_m <=> HCO3_m + PROTON_m,4.1674575305288995e-20
207,DUTP_PYROP_RXN_p,3.6.1.23,0.81 DUTP_p + WATER_p + 0.19 aDUTP_p --> DUMP_p + 0.55 PPI_p + 1.19 PROTON_p + 0.45 bPPI_p,0.0
208,1_PERIOD_10_PERIOD_2_PERIOD_2_RXN_mi,1.10.2.2,2.0 Cytochromes_C_Oxidized_mi + 2.0 PROTON_m + UBIQUINOL_mi --> 2.0 Cytochromes_C_Reduced_mi + 4.0 PROTON_i + UBIQUINONE_mi,0.03735906894758415
209,ALCOHOL_DEHYDROG_RXN_c,1.1.1.1,ETOH_c + NAD_c <=> ACETALD_c + NADH_c + PROTON_c,0.0
210,pMET_biomass,NA,MET_tRNAs_c + 2.0 PROTON_c + pMET_b <-- Charged_MET_tRNAs_c + Protein_polymerisation_cost_c + Protein_processing_cost_c + Protein_tranlocation_cost_c + WATER_c,-7.811672287931833e-05
211,CO2_pc,NA,CARBON_DIOXIDE_p <=> CARBON_DIOXIDE_c,0.011705245596072228
212,RXN_9527_p,2.3.1.41,MALONYL_ACP_p + Octanoyl_ACPs_p + PROTON_p --> 3_oxo_decanoyl_ACPs_p + ACP_p + CARBON_DIOXIDE_p,0.0
213,L_ASPARTATE_xc,NA,L_ASPARTATE_x <=> L_ASPARTATE_c,1.310608739361803e-20
214,sGABA_biomass,NA,sGABA_b <-- 4_AMINO_BUTYRATE_c,0.0
215,Phytol_biosynthesis_p,NA,0.79 GERANYLGERANYL_PP_p + 3.0 NADPH_p + 2.34 PROTON_p + WATER_p + 0.21 aGERANYLGERANYL_PP_p --> 3.0 NADP_p + PHYTOL_p + 0.55 PPI_p + 0.45 bPPI_p,0.0
216,GDPREDUCT_RXN_p,1.17.4.1,0.2 GDP_p + Red_Thioredoxin_p + 0.8 aGDP_p --> 0.5 DGDP_p + Ox_Thioredoxin_p + 1.1 PROTON_p + WATER_p + 0.1 aDGDP_p + 0.4 bDGDP_p,0.0
217,HISTCYCLOHYD_RXN_p,3.5.4.19,PHOSPHORIBOSYL_AMP_p + WATER_p --> PHOSPHORIBOSYL_FORMIMINO_AICAR_P_p,9.205405574638031e-05
218,RXN_7677_p,1.13.12.14,CPD_7015_p + NADPH_p + OXYGEN_MOLECULE_p + PROTON_p --> CPD_7014_p + NADP_p + 2.0 WATER_p,0.0
219,HIS_CITRULLINE_mc,NA,HIS_m + L_CITRULLINE_c <=> HIS_c + L_CITRULLINE_m,0.0
220,DIHYDROXYMETVALDEHYDRAT_RXN_p,4.2.1.9,1_KETO_2_METHYLVALERATE_p --> 2_KETO_3_METHYL_VALERATE_p + WATER_p,7.998296505977681e-05
221,S_ADENMETSYN_RXN_c,2.5.1.6,0.65 ATP_c + MET_c + WATER_c + 0.35 aATP_c --> 0.65 PPI_c + 0.7 PROTON_c + 0.7 Pi_c + S_ADENOSYLMETHIONINE_c + 0.35 aPPI_c + 0.3 aPi_c,0.0
222,SUCCCOASYN_RXN_m,6.2.1.5,0.8 ADP_m + Pi_m + SUC_COA_m + 0.2 aADP_m --> 0.9 ATP_m + CO_A_m + 0.1 PROTON_m + SUC_m + 0.1 aATP_m,0.006483455508182785
223,RXN_11832_m,2.7.4.25,0.9 ATP_m + CMP_m + 0.31 PROTON_m + 0.1 aATP_m --> 0.8 ADP_m + 0.79 CDP_m + 0.2 aADP_m + 0.21 aCDP_m,0.0
224,F16BDEPHOS_RXN_c,3.1.3.11,FRUCTOSE_16_DIPHOSPHATE_c + 0.3 PROTON_c + WATER_c --> FRUCTOSE_6P_c + 0.7 Pi_c + 0.3 aPi_c,0.0
225,LEU_PROTON_rev_vc,NA,LEU_v + PROTON_v --> LEU_c + PROTON_c,0.0
226,ALLYSINE_DEHYDROG_RXN_c,1.2.1.31,ALLYSINE_c + NAD_c + WATER_c --> CPD_468_c + NADH_c + 2.0 PROTON_c,0.0
227,Mehler_Reaction_p,NA,OXYGEN_MOLECULE_p + Reduced_ferredoxins_p --> Oxidized_ferredoxins_p + SUPER_OXIDE_p,0.0
228,UREA_mc,NA,UREA_m <=> UREA_c,0.0
229,Ca_ec,NA,CAII_e --> CAII_c,0.0
230,RXN_11832_p,NA,0.9 ATP_p + CMP_p + 0.31 PROTON_c + 0.1 aATP_p --> 0.8 ADP_p + 0.79 CDP_p + 0.2 aADP_p + 0.21 aCDP_p,0.0
231,1_PERIOD_2_PERIOD_1_PERIOD_2_RXN_p,1.2.1.2,FORMATE_p + NAD_p --> CARBON_DIOXIDE_p + NADH_p,0.0
232,LEU_mc,NA,LEU_m <=> LEU_c,0.0
233,RXN_9516_p,2.3.1.41,Butanoyl_ACPs_p + MALONYL_ACP_p + PROTON_p --> 3_oxo_hexanoyl_ACPs_p + ACP_p + CARBON_DIOXIDE_p,0.0
234,F16BDEPHOS_RXN_p,3.1.3.11,FRUCTOSE_16_DIPHOSPHATE_p + WATER_p --> FRUCTOSE_6P_p + Pi_p,0.0
235,sASP_biomass,NA,sASP_b <-- L_ASPARTATE_c,0.0
236,HOMOCYSMETB12_RXN_c,2.1.1.13,5_METHYL_THF_c + HOMO_CYS_c --> MET_c + THF_c,7.811672287931832e-05
237,Plastidial_ATP_Synthase_p,NA,2.4 ADP_p + 14.0 PROTON_l + 3.0 Pi_p + 0.6 aADP_p --> 2.7 ATP_p + 11.3 PROTON_p + 3.0 WATER_p + 0.3 aATP_p,0.0
238,RXN_6384_x,3.1.2.4,3_HYDROXY_PROPIONYL_COA_x + WATER_x --> 3_HYDROXY_PROPIONATE_x + CO_A_x + 5.0 PROTON_x,-4.602424949441779e-20
239,1_PERIOD_2_PERIOD_1_PERIOD_2_RXN_m,1.2.1.2,FORMATE_m + NAD_m --> CARBON_DIOXIDE_m + NADH_m,0.0
240,NH3_pc,NA,AMMONIUM_p <=> AMMONIUM_c,0.0
241,ASPARTATE_SEMIALDEHYDE_DEHYDROGENASE_RXN_p,1.2.1.11,L_BETA_ASPARTYL_P_p + NADPH_p + PROTON_p --> L_ASPARTATE_SEMIALDEHYDE_p + NADP_p + Pi_p,0.0004760278101595369
242,CPD_14927_pc,NA,CPD_14927_p <=> CPD_14927_c,0.0
243,3_PERIOD_2_PERIOD_1_PERIOD_48_RXN_v,3.2.1.26,SUCROSE_v + WATER_v --> FRU_v + GLC_v,0.0
244,ATP_ADP_Pi_pc,NA,0.5 ADP_c + 0.9 ATP_p + 0.1 PROTON_p + 0.7 Pi_c + 0.5 aADP_c + 0.1 aATP_p + 0.3 aPi_c <=> 0.8 ADP_p + 0.65 ATP_c + 0.45 PROTON_c + Pi_p + 0.2 aADP_p + 0.35 aATP_c,0.0
245,NADH_KINASE_RXN_c,2.7.1.86,0.65 ATP_c + NADH_c + 0.35 aATP_c --> 0.5 ADP_c + NADPH_c + 0.85 PROTON_c + 0.5 aADP_c,0.0
246,ACETYL_COA_CARBOXYLTRANSFER_RXN_p,6.4.1.2,ACETYL_COA_p + 0.9 ATP_p + HCO3_p + 0.1 aATP_p --> 0.8 ADP_p + MALONYL_COA_p + 0.9 PROTON_p + Pi_p + 0.2 aADP_p,0.006472537137279971
247,PHOSPHOGLUCMUT_RXN_p,5.4.2.2,GLC_1_P_p <=> GLC_6_P_p,-0.0019608618904857836
248,RXN_9549_p,3.1.2.14,Palmitoyl_ACPs_p + WATER_p --> ACP_p + PALMITATE_p + PROTON_p,0.0
249,2_METHYL_ACETO_ACETYL_COA_mc,NA,2_METHYL_ACETO_ACETYL_COA_m <=> 2_METHYL_ACETO_ACETYL_COA_c,0.0
250,ISOCIT_CLEAV_RXN_x,4.1.3.1,THREO_DS_ISO_CITRATE_x --> GLYOX_x + SUC_x,0.0
251,LEU_pc,NA,LEU_p <=> LEU_c,2.936998119522186e-06
252,3_PERIOD_2_PERIOD_1_PERIOD_48_RXN_c,3.2.1.26,SUCROSE_c + WATER_c --> FRU_c + GLC_c,0.0
253,MAL_SUC_mc,NA,MAL_m + SUC_c <=> MAL_c + SUC_m,0.0
254,PEPDEPHOS_RXN_c,2.7.1.40,0.5 ADP_c + PHOSPHO_ENOL_PYRUVATE_c + 0.85 PROTON_c + 0.5 aADP_c --> 0.65 ATP_c + PYRUVATE_c + 0.35 aATP_c,0.008831756057247321
255,PEPDEPHOS_RXN_p,2.7.1.40,0.8 ADP_p + PHOSPHO_ENOL_PYRUVATE_p + 0.9 PROTON_p + 0.2 aADP_p --> 0.9 ATP_p + PYRUVATE_p + 0.1 aATP_p,0.005865548274727556
256,LEU_PROTON_vc,NA,LEU_c + PROTON_v --> LEU_v + PROTON_c,0.0
257,RXN_1781_v,NA,SUCROSE_v --> FRUCTAN_v + GLC_v,0.0
258,THREONINE_TRNA_LIGASE_RXN_c,6.1.1.3,0.65 ATP_c + PROTON_c + THR_c + THR_tRNAs_c + 0.35 aATP_c --> AMP_c + Charged_THR_tRNAs_c + 0.65 PPI_c + 0.35 aPPI_c,0.00013008528536694627
259,3_HYDROXY_PROPIONATE_mc,NA,3_HYDROXY_PROPIONATE_m <=> 3_HYDROXY_PROPIONATE_c,4.602424949441779e-20
260,2_METHYLACYL_COA_DEHYDROGENASE_RXN_m,1.3.99.12,2_METHYL_BUTYRYL_COA_m + UBIQUINONE_mi --> CPD_1083_m + UBIQUINOL_mi,0.0
261,6PGLUCONOLACT_RXN_p,3.1.1.31,D_6_P_GLUCONO_DELTA_LACTONE_p + WATER_p --> CPD_2961_p + PROTON_p,0.003818780810802658
262,pLYS_biomass,NA,LYS_tRNAs_c + 2.0 PROTON_c + pLYS_b <-- Charged_LYS_tRNAs_c + Protein_polymerisation_cost_c + Protein_processing_cost_c + Protein_tranlocation_cost_c + WATER_c,-0.00018784283685349578
263,THREO_DS_ISO_CITRATE_xc,NA,THREO_DS_ISO_CITRATE_x <=> THREO_DS_ISO_CITRATE_c,0.0
264,CIT_PROTON_vc,NA,CIT_c + 0.5 PROTON_v --> 0.5 CIT_v + 0.5 aCIT_v,2.106267563229757e-05
265,6PGLUCONOLACT_RXN_c,3.1.1.31,D_6_P_GLUCONO_DELTA_LACTONE_c + WATER_c --> CPD_2961_c + PROTON_c,0.005054174039254324
266,DSERDEAM_RXN_c,4.3.1.18,SER_c --> AMMONIUM_c + PYRUVATE_c,0.0
267,LYS_pc,NA,LYS_p <=> LYS_c,0.00018784283685349584
268,CIT_xc,NA,CIT_x <=> CIT_c,0.0
269,ISOCITDEH_RXN_m,1.1.1.42,NADP_m + THREO_DS_ISO_CITRATE_m <=> 2_KETOGLUTARATE_m + CARBON_DIOXIDE_m + NADPH_m,-1.3821584322761831e-18
270,PHE_PROTON_rev_vc,NA,PHE_v + PROTON_v --> PHE_c + PROTON_c,0.0
271,GLUTACONYL_COA_mc,NA,CO_A_c + GLUTACONYL_COA_m <=> CO_A_m + GLUTACONYL_COA_c,0.0
272,ARG_PROTON_vc,NA,ARG_c + PROTON_v --> ARG_v + PROTON_c,0.0
273,RXN_7984_p,1.10.99.3,ASCORBATE_p + CPD1F_133_p --> CPD1F_131_p + L_DEHYDRO_ASCORBATE_p + WATER_p,0.0
274,NADPHoxm_tx,NA,NADPH_m + 0.5 OXYGEN_MOLECULE_m + PROTON_m --> 3 ATPNAPDH_maintenance_constraint + NADP_m + WATER_m,0.0
275,PALMITATE_xc,NA,PALMITATE_x <=> PALMITATE_c,7.097717002557883e-21
276,NH3_mc,NA,AMMONIUM_m <=> AMMONIUM_c,-0.002644864142696307
277,PSERTRANSAM_RXN_p,2.6.1.52,3_P_HYDROXYPYRUVATE_p + GLT_p <=> 2_KETOGLUTARATE_p + 3_P_SERINE_p,0.0004119697239285615
278,BRANCHED_CHAINAMINOTRANSFERILEU_RXN_p,2.6.1.42,2_KETOGLUTARATE_p + ILE_p <=> 2_KETO_3_METHYL_VALERATE_p + GLT_p,-7.998296505977681e-05
279,FUM_pc,NA,FUM_p <=> FUM_c,0.0001894980671158619
280,Ferredoxin_Plastoquinone_Reductase_p,NA,PLASTOQUINONE_p + 2.0 PROTON_p + 2.0 Reduced_ferredoxins_p --> 2.0 Oxidized_ferredoxins_p + PLASTOQUINOL_1_p,0.0
281,BRANCHED_CHAINAMINOTRANSFERILEU_RXN_m,2.6.1.42,2_KETOGLUTARATE_m + ILE_m <=> 2_KETO_3_METHYL_VALERATE_m + GLT_m,0.0
282,ISOCITDEH_RXN_x,1.1.1.42,NADP_x + THREO_DS_ISO_CITRATE_x <=> 2_KETOGLUTARATE_x + CARBON_DIOXIDE_x + NADPH_x,0.0
283,Cellulose_biomass,NA,Cellulose_b <-- CELLULOSE_c,-0.007232733702329783
284,RXN_7679_p,1.17.7,CPD_7016_p + 2.0 PROTON_p + 2.0 Reduced_ferredoxins_p --> CHLOROPHYLL_A_p + 2.0 Oxidized_ferredoxins_p + WATER_p,0.0
285,3PGAREARR_RXN_c,5.4.2.1,G3P_c <=> 2_PG_c,0.00992240259411758
286,RXN_9658_p,1.3.1.9,Hex_2_enoyl_ACPs_p + NADH_p + PROTON_p --> Hexanoyl_ACPs_p + NAD_p,0.0009246481624685671
287,RXN_1826_p,2.4.1.1,Pi_p + STARCH_p --> GLC_1_P_p,0.0
288,PHOSPHOGLUCMUT_RXN_c,5.4.2.2,GLC_1_P_c <=> GLC_6_P_c,-0.007289556643422526
289,CYS_TRNA_LIGASE_RXN_c,6.1.1.4,0.65 ATP_c + CYS_c + CYS_tRNAs_c + 0.35 aATP_c --> AMP_c + Charged_CYS_tRNAs_c + 0.65 PPI_c + PROTON_c + 0.35 aPPI_c,0.0
290,LCYSDESULF_RXN_c,4.4.1.1,CYS_c + WATER_c --> AMMONIUM_c + HS_c + PROTON_c + PYRUVATE_c,0.0
291,FattyAcid_biomass,NA,AMP_c + FattyAcid_b + 0.65 PPI_c + 0.35 aPPI_c <-- 0.65 ATP_c + PALMITATE_c + WATER_c + 0.35 aATP_c,0.0
292,ISOCITDEH_RXN_c,1.1.1.42,NADP_c + THREO_DS_ISO_CITRATE_c <=> 2_KETOGLUTARATE_c + CARBON_DIOXIDE_c + NADPH_c,0.006778179638384472
293,RXN_9514_p,1.1.1.100,Acetoacetyl_ACPs_p + NADPH_p + PROTON_p --> Beta_3_hydroxybutyryl_ACPs_p + NADP_p,0.0009246481624685672
294,PEPCARBOXYKIN_RXN_c,4.1.1.49,0.65 ATP_c + OXALACETIC_ACID_c + 0.15 PROTON_c + 0.35 aATP_c --> 0.5 ADP_c + CARBON_DIOXIDE_c + PHOSPHO_ENOL_PYRUVATE_c + 0.5 aADP_c,0.0
295,ARGSUCCINSYN_RXN_p,6.3.4.5,0.9 ATP_p + L_ASPARTATE_p + L_CITRULLINE_p + 0.1 aATP_p --> AMP_p + L_ARGININO_SUCCINATE_p + 0.55 PPI_p + 1.55 PROTON_p + 0.45 bPPI_p,9.744401136948158e-05
296,OAA_SO4_mc,NA,OXALACETIC_ACID_m + SULFATE_c <=> OXALACETIC_ACID_c + SULFATE_m,0.0
297,CO2_tx,NA, <=> CARBON_DIOXIDE_e,-0.03575122798597064
298,PREPHENATE_TRANSAMINE_RXN_p,2.6.1.79,GLT_p + PREPHENATE_p --> 2_KETOGLUTARATE_p + CPD_659_p,0.00022287348475588323
299,CELLULOSE_SYNTHASE_UDP_FORMING_RXN_c,2.4.1.12,UDP_GLUCOSE_c --> CELLULOSE_c + 0.5 PROTON_c + 0.5 UDP_c + 0.5 aUDP_c,0.007232733702329783
300,VAL_PROTON_rev_vc,NA,PROTON_v + VAL_v --> PROTON_c + VAL_c,0.0
301,Mg_biomass,NA,Mg_b <-- MGII_v,0.0
302,PHOSPHORYL_CHOLINE_mc,NA,PHOSPHORYL_CHOLINE_m + 0.06 PROTON_c <=> 0.94 PHOSPHORYL_CHOLINE_c + 0.06 aPHOSPHORYL_CHOLINE_c,0.0
303,RXN_9660_p,1.3.1.9,NADH_p + PROTON_p + Trans_D2_decenoyl_ACPs_p --> Decanoyl_ACPs_p + NAD_p,0.0009246481624685671
304,DIHYDROPICRED_RXN_NADP_p,1.3.1.26,2_3_DIHYDRODIPICOLINATE_p + NADPH_p + PROTON_p --> DELTA1_PIPERIDEINE_2_6_DICARBOXYLATE_p + NADP_p,0.0
305,RXN_6884_m,1,OXYGEN_MOLECULE_m + 4.0 PROTON_m + 4.0 Reduced_Ferroproteins_m --> 4.0 Oxidized_Ferroproteins_m + 2.0 WATER_m,0.0
306,MALONYL_COA_ACP_TRANSACYL_RXN_p,2.3.1.39,ACP_p + MALONYL_COA_p --> CO_A_p + MALONYL_ACP_p,0.0009246481624685672
307,SUCROSE_PROTON_rev_vc,NA,PROTON_v + SUCROSE_v --> PROTON_c + SUCROSE_c,0.0
308,O2_mc,NA,OXYGEN_MOLECULE_m <=> OXYGEN_MOLECULE_c,-0.018679534473792073
309,CIT_ISOCITRATE_mc,NA,CIT_m + THREO_DS_ISO_CITRATE_c <=> CIT_c + THREO_DS_ISO_CITRATE_m,0.0
310,LYSINE_TRNA_LIGASE_RXN_c,6.1.1.6,0.65 ATP_c + LYS_c + LYS_tRNAs_c + PROTON_c + 0.35 aATP_c --> AMP_c + Charged_LYS_tRNAs_c + 0.65 PPI_c + 0.35 aPPI_c,0.0001878428368534958
311,SULFATE_ADENYLYLTRANS_RXN_p,2.7.7.4,0.9 ATP_p + 0.45 PROTON_p + SULFATE_p + 0.1 aATP_p --> APS_p + 0.55 PPI_p + 0.45 bPPI_p,7.811672287931791e-05
312,H_xc,NA,PROTON_x <=> PROTON_c,-5.8952156118297965e-21
313,NITRATE_REDUCTASE_NADH_RXN_c,1.7.1.1,NADH_c + NITRATE_c + PROTON_c --> NAD_c + NITRITE_c + WATER_c,0.0
314,CO2_xc,NA,CARBON_DIOXIDE_x <=> CARBON_DIOXIDE_c,0.0
315,THR_PROTON_vc,NA,PROTON_v + THR_c --> PROTON_c + THR_v,0.0
316,L_CITRULLINE_pc,NA,L_CITRULLINE_p <=> L_CITRULLINE_c,3.4719481971700507e-20
317,TIGLYLCOA_HYDROXY_RXN_m,4.2.1.17,CPD_1083_m + WATER_m --> 2_METHYL_3_HYDROXY_BUTYRYL_COA_m,0.0
318,Glycerate_xc,NA,GLYCERATE_x <=> GLYCERATE_c,0.0
319,GLUTATHIONE_PEROXIDASE_RXN_p,1.11.1.9,2.0 GLUTATHIONE_p + HYDROGEN_PEROXIDE_p --> 0.91 OXIDIZED_GLUTATHIONE_p + 0.09 PROTON_p + 2.0 WATER_p + 0.09 bOXIDIZED_GLUTATHIONE_p,0.0
320,MEPROPCOA_FAD_RXN_m,1.3.99.12,ISOBUTYRYL_COA_m + UBIQUINONE_mi --> METHACRYL_COA_m + UBIQUINOL_mi,-1.6811880777020707e-20
321,Mg_ec,NA,MGII_e --> MGII_c,3.243766951217394e-05
322,MALIC_NADP_RXN_p,1.1.1.40,MAL_p + NADP_p --> CARBON_DIOXIDE_p + NADPH_p + PYRUVATE_p,0.0
323,DTMP_mc,NA,DTMP_m <=> DTMP_c,0.0
324,ASPARAGHYD_RXN_c,3.5.1.1,ASN_c + WATER_c --> AMMONIUM_c + L_ASPARTATE_c,0.0
325,3_DEHYDROQUINATE_SYNTHASE_RXN_p,4.2.3.4,3_DEOXY_D_ARABINO_HEPTULOSONATE_7_P_p --> DEHYDROQUINATE_p + Pi_p,0.00022287348475588323
326,L_ASPARTATE_pc,NA,L_ASPARTATE_p <=> L_ASPARTATE_c,-0.0007629698886448814
327,1_PERIOD_1_PERIOD_1_PERIOD_255_RXN_c,NA,MANNITOL_c + NAD_c --> MANNOSE_c + NADH_c + PROTON_c,0.0
328,DHAP_3PGA_pc,NA,DIHYDROXY_ACETONE_PHOSPHATE_p + G3P_c <=> DIHYDROXY_ACETONE_PHOSPHATE_c + G3P_p,0.0
329,MALIC_NADP_RXN_c,1.1.1.40,MAL_c + NADP_c --> CARBON_DIOXIDE_c + NADPH_c + PYRUVATE_c,0.0
330,THF_pc,NA,THF_p <=> THF_c,0.0
331,MANNITOL_1_PHOSPHATASE_RXN_c,NA,MANNITOL_1P_c + WATER_c --> MANNITOL_c + 1.7 PROTON_c + 0.7 Pi_c + 0.3 aPi_c,0.0
332,pARG_biomass,NA,ARG_tRNAs_c + 2.0 PROTON_c + pARG_b <-- Charged_ARG_tRNAs_c + Protein_polymerisation_cost_c + Protein_processing_cost_c + Protein_tranlocation_cost_c + WATER_c,-9.744401136948157e-05
333,2_PERIOD_1_PERIOD_1_PERIOD_103_RXN_c,2.1.1.103,0.87 PHOSPHORYL_ETHANOLAMINE_c + S_ADENOSYLMETHIONINE_c + 0.13 aPHOSPHORYL_ETHANOLAMINE_c --> ADENOSYL_HOMO_CYS_c + 0.88 CPD_406_c + 0.01 PROTON_c + 0.12 aCPD_406_c,0.0
334,ANTHRANSYN_RXN_p,4.1.3.27,CHORISMATE_p + GLN_p <=> ANTHRANILATE_p + GLT_p + PROTON_p + PYRUVATE_p,0.0
335,GLY3KIN_RXN_p,2.7.1.31,0.9 ATP_p + GLYCERATE_p + 0.1 aATP_p --> 0.8 ADP_p + G3P_p + 0.9 PROTON_p + 0.2 aADP_p,0.0
336,CPD_14927_xc,NA,CPD_14927_x <=> CPD_14927_c,0.0
337,FORMYLTHFDEFORMYL_RXN_p,3.5.1.10,10_FORMYL_THF_p + WATER_p --> FORMATE_p + PROTON_p + THF_p,0.0
338,2_PERIOD_7_PERIOD_7_PERIOD_34_RXN_c,2.7.7.34,GLC_1_P_c + 0.65 GTP_c + PROTON_c + 0.35 aGTP_c --> GDP_D_GLUCOSE_c + 0.65 PPI_c + 0.35 aPPI_c,0.0
339,CYS_PROTON_rev_vc,NA,CYS_v + PROTON_v --> CYS_c + PROTON_c,0.0
340,SUCCINATE_DEHYDROGENASE_UBIQUINONE_RXN_mi,1.3.5.1,SUC_m + UBIQUINONE_mi --> FUM_m + UBIQUINOL_mi,0.006483455508182785
341,PYRUVDEH_RXN_p,1.2.1,CO_A_p + NAD_p + PYRUVATE_p --> ACETYL_COA_p + CARBON_DIOXIDE_p + NADH_p,0.00740012229786806
342,PYRUVDEH_RXN_m,1.2.1,CO_A_m + NAD_m + PYRUVATE_m --> ACETYL_COA_m + CARBON_DIOXIDE_m + NADH_m,0.0067992423140167835
343,O2_pc,NA,OXYGEN_MOLECULE_p <=> OXYGEN_MOLECULE_c,0.0
344,DCDPKIN_RXN_p,2.7.4.6,0.9 ATP_p + 0.79 DCDP_p + 0.1 PROTON_p + 0.1 aATP_p + 0.21 aDCDP_p --> 0.8 ADP_p + 0.79 DCTP_p + 0.2 aADP_p + 0.21 aDCTP_p,0.0
345,UDP_GLUCURONATE_DECARBOXYLASE_RXN_c,4.1.1.35,PROTON_c + UDP_GLUCURONATE_c --> CARBON_DIOXIDE_c + UDP_D_XYLOSE_c,0.0
346,RXN0_5330_NAD_c,1.6.5,NADH_c + PROTON_c + UBIQUINONE_mc --> NAD_c + UBIQUINOL_mc,0.0
347,RXN0_2381_p,4.1.2,INDOLE_3_GLYCEROL_P_p <=> GAP_p + INDOLE_p,0.0
348,ORNITHINE_GLU_AMINOTRANSFORASE_RXN_m,2.6.1.13,2_KETOGLUTARATE_m + L_ORNITHINE_m <=> GLT_m + L_GLUTAMATE_GAMMA_SEMIALDEHYDE_m,1.5598175963017938e-20
349,GLYC3PDEHYDROGBIOSYN_RXN_c,1.1.1.94,DIHYDROXY_ACETONE_PHOSPHATE_c + NADH_c + PROTON_c --> GLYCEROL_3P_c + NAD_c,0.00046232408123428353
350,SHIKIMATE_KINASE_RXN_p,2.7.1.71,0.9 ATP_p + SHIKIMATE_p + 0.1 aATP_p --> 0.8 ADP_p + 0.9 PROTON_p + SHIKIMATE_5P_p + 0.2 aADP_p,0.00022287348475588323
351,ISOLEUCINE_TRNA_LIGASE_RXN_c,6.1.1.5,0.65 ATP_c + ILE_c + ILE_tRNAs_c + PROTON_c + 0.35 aATP_c --> AMP_c + Charged_ILE_tRNAs_c + 0.65 PPI_c + 0.35 aPPI_c,7.998296505977681e-05
352,GLC_PROTON_rev_vc,NA,GLC_c + PROTON_v --> GLC_v + PROTON_c,6.856832821441131e-05
353,METHYLACETOACETYLCOATHIOL_RXN_m,2.3.1.9,2_METHYL_ACETO_ACETYL_COA_m + CO_A_m --> ACETYL_COA_m + PROPIONYL_COA_m,0.0
354,2KG_SUC_mc,NA,2_KETOGLUTARATE_m + SUC_c <=> 2_KETOGLUTARATE_c + SUC_m,0.0
355,PHE_PROTON_vc,NA,PHE_c + PROTON_v --> PHE_v + PROTON_c,0.0
356,HIS_PROTON_vc,NA,HIS_c + PROTON_v --> bHIS_v,0.0
357,RXN_7678_NAD_p,1.1.1.294,CHLOROPHYLL_B_p + NADH_p + PROTON_p --> CPD_7016_p + NAD_p,0.0
358,Pi_PROTON_mc,NA,PROTON_m + Pi_m <=> 0.7 PROTON_c + 0.7 Pi_c + 0.3 aPi_c,-0.10811407417148924
359,2KG_ISOCITRATE_mc,NA,2_KETOGLUTARATE_m + PROTON_c + THREO_DS_ISO_CITRATE_c <=> 2_KETOGLUTARATE_c + PROTON_m + THREO_DS_ISO_CITRATE_m,0.0
360,GLUTACONYL_COA_xc,NA,CO_A_c + GLUTACONYL_COA_x <=> CO_A_x + GLUTACONYL_COA_c,0.0
361,pGLY_biomass,NA,GLY_tRNAs_c + 2.0 PROTON_c + pGLY_b <-- Charged_GLY_tRNAs_c + Protein_polymerisation_cost_c + Protein_processing_cost_c + Protein_tranlocation_cost_c + WATER_c,-0.00012701592476508145
362,1_PERIOD_2_PERIOD_1_PERIOD_25_RXN_m,1.2.1.25,2_KETO_ISOVALERATE_m + CO_A_m + NAD_m --> CARBON_DIOXIDE_m + ISOBUTYRYL_COA_m + NADH_m,-1.9180803496875973e-20
363,2_PERIOD_7_PERIOD_7_PERIOD_15_RXN_m,2.7.7.15,0.79 CTP_m + PHOSPHORYL_CHOLINE_m + 0.34 PROTON_m + 0.21 aCTP_m <=> CDP_CHOLINE_m + 0.55 PPI_m + 0.45 bPPI_m,0.0
364,GLY_PROTON_vc,NA,GLY_c + PROTON_v --> GLY_v + PROTON_c,0.0
365,INORGPYROPHOSPHAT_RXN_x,3.6.1.1,0.65 PPI_x + WATER_x + 0.35 aPPI_x --> 0.75 PROTON_x + 1.4 Pi_x + 0.6 aPi_x,2.8642511831096514e-20
366,MALEYLACETOACETATE_ISOMERASE_RXN_c,5.2.1.2,4_MALEYL_ACETOACETATE_c --> 4_FUMARYL_ACETOACETATE_c,0.0
367,PYRROLINECARBREDUCT_RXN_NAD_c,1.5.1.2,L_DELTA1_PYRROLINE_5_CARBOXYLATE_c + NADH_c + PROTON_c --> NAD_c + PRO_c,0.0
368,FORMATETHFLIG_RXN_p,6.3.4.3,0.9 ATP_p + FORMATE_p + 0.4 PROTON_p + THF_p + 0.1 aATP_p --> 10_FORMYL_THF_p + 0.8 ADP_p + 0.7 Pi_c + 0.2 aADP_p + 0.3 aPi_c,0.0
369,OAA_SUC_mc,NA,OXALACETIC_ACID_m + SUC_c <=> OXALACETIC_ACID_c + SUC_m,0.0
370,OROPRIBTRANS_RXN_p,2.4.2.10,OROTATE_p + 0.35 PROTON_p + 0.8 PRPP_p + 0.2 aPRPP_p --> OROTIDINE_5_PHOSPHATE_p + 0.55 PPI_p + 0.45 bPPI_p,0.0
371,THF_mc,NA,THF_m <=> THF_c,-2.157742693030859e-05
372,MALATE_DEH_RXN_c,1.1.1.37,MAL_c + NAD_c <=> NADH_c + OXALACETIC_ACID_c + PROTON_c,-0.007639035950588336
373,GLUC1PURIDYLTRANS_RXN_c,2.7.7.9,GLC_1_P_c + 0.85 PROTON_c + 0.5 UTP_c + 0.5 aUTP_c <=> 0.65 PPI_c + UDP_GLUCOSE_c + 0.35 aPPI_c,0.007289556643422525
374,MYO_INOSITOL_OXYGENASE_RXN_c,1.13.99.1,MYO_INOSITOL_c + OXYGEN_MOLECULE_c --> GLUCURONATE_c + PROTON_c + WATER_c,0.0
375,2_PERIOD_7_PERIOD_7_PERIOD_14_RXN_m,2.7.7.14,0.79 CTP_m + 0.96 PHOSPHORYL_ETHANOLAMINE_m + 2.3 PROTON_m + 0.21 aCTP_m + 0.04 aPHOSPHORYL_ETHANOLAMINE_m --> CDP_ETHANOLAMINE_m + 0.55 PPI_m + 0.45 bPPI_m,0.0
376,CYS_PROTON_vc,NA,CYS_c + PROTON_v --> CYS_v + PROTON_c,0.0
377,TRP_pc,NA,TRP_p <=> TRP_c,0.0
378,HYDROXYMETHYLGLUTARYL_COA_LYASE_RXN_m,4.1.3.4,3_HYDROXY_3_METHYL_GLUTARYL_COA_m --> 3_KETOBUTYRATE_m + ACETYL_COA_m,0.0
379,N_ACETYLGLUTPREDUCT_RXN_p,1.2.1.38,NADPH_p + N_ACETYL_GLUTAMYL_P_p + PROTON_p --> CPD_469_p + NADP_p + Pi_p,9.74440113694816e-05
380,ASPAMINOTRANS_RXN_m,2.6.1.1,2_KETOGLUTARATE_m + L_ASPARTATE_m <=> GLT_m + OXALACETIC_ACID_m,0.0
381,CIT_ACONITATE_mc,NA,CIS_ACONITATE_c + CIT_m <=> CIS_ACONITATE_m + CIT_c,0.0
382,ASPAMINOTRANS_RXN_p,2.6.1.1,2_KETOGLUTARATE_p + L_ASPARTATE_p <=> GLT_p + OXALACETIC_ACID_p,9.744401136948258e-05
383,MALATE_DEH_RXN_p,1.1.1.37,MAL_p + NAD_p <=> NADH_p + OXALACETIC_ACID_p + PROTON_p,-0.003266536105527898
384,SEDOBISALDOL_RXN_p,4.1.2,DIHYDROXY_ACETONE_PHOSPHATE_p + ERYTHROSE_4P_p --> D_SEDOHEPTULOSE_1_7_P2_p,0.0
385,ARGSUCCINLYA_RXN_p,4.3.2.1,L_ARGININO_SUCCINATE_p --> 0.93 ARG_p + FUM_p + 0.07 PROTON_p + 0.07 bARG_p,9.744401136948158e-05
386,1_PERIOD_8_PERIOD_4_PERIOD_9_RXN_p,1.8.4.9,APS_p + 2.0 GLUTATHIONE_p --> AMP_p + 0.91 OXIDIZED_GLUTATHIONE_p + 1.92 PROTON_p + 0.83 SO3_p + 0.17 aSO3_p + 0.09 bOXIDIZED_GLUTATHIONE_p,7.811672287931791e-05
387,UDPREDUCT_RXN_p,1.17.4.1,Red_Thioredoxin_p + 0.81 UDP_p + 0.19 aUDP_p --> 0.81 DUDP_p + Ox_Thioredoxin_p + WATER_p + 0.19 aDUDP_p,0.0
388,ATP_ADP_mc,NA,0.5 ADP_c + 0.9 ATP_m + 0.1 PROTON_m + 0.5 aADP_c + 0.1 aATP_m <=> 0.8 ADP_m + 0.65 ATP_c + 0.15 PROTON_c + 0.2 aADP_m + 0.35 aATP_c,0.10413952894955689
389,MALATE_DEH_RXN_m,1.1.1.37,MAL_m + NAD_m <=> NADH_m + OXALACETIC_ACID_m + PROTON_m,0.01757133819027158
390,ASPAMINOTRANS_RXN_x,2.6.1.1,2_KETOGLUTARATE_x + L_ASPARTATE_x <=> GLT_x + OXALACETIC_ACID_x,-1.310608739361803e-20
391,INORGPYROPHOSPHAT_RXN_c,3.6.1.1,0.65 PPI_c + WATER_c + 0.35 aPPI_c --> 0.75 PROTON_c + 1.4 Pi_c + 0.6 aPi_c,0.0018716945278495854
392,GLUTATHIONE_REDUCT_NADPH_RXN_m,1.8.1.7,NADPH_m + 0.91 OXIDIZED_GLUTATHIONE_m + 1.09 PROTON_m + 0.09 bOXIDIZED_GLUTATHIONE_m --> 2.0 GLUTATHIONE_m + NADP_m,0.0
393,GLUTATHIONE_REDUCT_NADPH_RXN_p,1.8.1.7,NADPH_p + 0.91 OXIDIZED_GLUTATHIONE_p + 1.09 PROTON_p + 0.09 bOXIDIZED_GLUTATHIONE_p --> 2.0 GLUTATHIONE_p + NADP_p,7.811672287931791e-05
394,GLYCEROL_3P_pc,NA,GLYCEROL_3P_p <=> GLYCEROL_3P_c,-0.00046232408123428364
395,INORGPYROPHOSPHAT_RXN_m,3.6.1.1,0.55 PPI_m + WATER_m + 0.45 bPPI_m --> 0.55 PROTON_m + 2.0 Pi_m,0.0
396,ASPAMINOTRANS_RXN_c,2.6.1.1,2_KETOGLUTARATE_c + L_ASPARTATE_c <=> GLT_c + OXALACETIC_ACID_c,-0.0010546143683783054
397,INORGPYROPHOSPHAT_RXN_p,3.6.1.1,0.55 PPI_p + WATER_p + 0.45 bPPI_p --> 0.55 PROTON_p + 2.0 Pi_p,0.002398647459106662
398,RXN_9518_p,1.1.1.100,3_oxo_hexanoyl_ACPs_p + NADPH_p + PROTON_p --> NADP_p + R_3_hydroxyhexanoyl_ACPs_p,0.0009246481624685671
399,MALATE_DEH_RXN_x,1.1.1.37,MAL_x + NAD_x <=> NADH_x + OXALACETIC_ACID_x + PROTON_x,9.55553248955683e-20
400,3_HYDROXY_PROPIONATE_xc,NA,3_HYDROXY_PROPIONATE_x <=> 3_HYDROXY_PROPIONATE_c,-4.60242494944178e-20
401,PGLUCISOM_RXN_c,5.3.1.9,GLC_6_P_c <=> FRUCTOSE_6P_c,0.007315826430233966
402,DIHYDROFOLATEREDUCT_RXN_m,1.5.1.3,DIHYDROFOLATE_m + NADPH_m + PROTON_m --> NADP_m + THF_m,0.0
403,GLC_ec,NA,GLC_e + PROTON_e --> GLC_c + PROTON_c,0.019815727305837645
404,RXN_9520_p,4.2.1.59,R_3_hydroxyhexanoyl_ACPs_p --> Hex_2_enoyl_ACPs_p + WATER_p,0.0009246481624685671
405,HEXOKINASE_RXN_MANNOSE_c,2.7.1.1,0.65 ATP_c + MANNOSE_c + 0.35 aATP_c --> 0.8 ADP_p + MANNOSE_6P_c + 1.15 PROTON_p + 0.2 aADP_p,0.0
406,PGLUCISOM_RXN_p,5.3.1.9,GLC_6_P_p <=> FRUCTOSE_6P_p,-0.005779642701288442
407,O2_tx,NA, <=> OXYGEN_MOLECULE_e,0.029012867807125406
408,DUMP_pc,NA,DUMP_p <=> DUMP_c,0.0
409,GLYCERATE_GLYCOLLATE_pc,NA,GLYCERATE_c + GLYCOLLATE_p <=> GLYCERATE_p + GLYCOLLATE_c,0.0
410,RXN_9653_p,2.3.1.41,Dodecanoyl_ACPs_p + MALONYL_COA_p + PROTON_p --> 3_oxo_myristoyl_ACPs_p + CARBON_DIOXIDE_p + CO_A_p,0.0009246481624685671
411,AMP_pc,NA,AMP_p <=> AMP_c,5.90070812212439e-34
412,SERINE_O_ACETTRAN_RXN_c,2.3.1.30,ACETYL_COA_c + SER_c --> ACETYLSERINE_c + CO_A_c,0.0
413,GPH_RXN_p,3.1.3.18,CPD_67_p + WATER_p --> GLYCOLLATE_p + Pi_p,0.0
414,PYRUVATE_pc,NA,PYRUVATE_p <=> PYRUVATE_c,-0.001904583530139087
415,RXN_6902_m,2.6.1.19,4_AMINO_BUTYRATE_m + PYRUVATE_m --> L_ALPHA_ALANINE_m + SUCC_S_ALD_m,0.0
416,ILE_pc,NA,ILE_p <=> ILE_c,7.998296505977681e-05
417,SUCROSE_PHOSPHATE_SYNTHASE_RXN_c,2.4.1.14,FRUCTOSE_6P_c + UDP_GLUCOSE_c --> 0.5 PROTON_c + SUCROSE_6P_c + 0.5 UDP_c + 0.5 aUDP_c,0.0001510229126072322
418,SERINE_GLYOXYLATE_AMINOTRANSFERASE_RXN_x,2.6.1.45,GLYOX_x + SER_x --> GLY_x + OH_PYR_x,0.0
419,LYS_ORNITHINE_mc,NA,LYS_m + L_ORNITHINE_c <=> LYS_c + L_ORNITHINE_m,0.0
420,SERINE_O_ACETTRAN_RXN_p,2.3.1.30,ACETYL_COA_p + SER_p --> ACETYLSERINE_p + CO_A_p,7.811672287931788e-05
421,pSER_biomass,NA,2.0 PROTON_c + SER_tRNAs_c + pSER_b <-- Charged_SER_tRNAs_c + Protein_polymerisation_cost_c + Protein_processing_cost_c + Protein_tranlocation_cost_c + WATER_c,-0.0001852596493538537
422,ACETOLACTREDUCTOISOM_RXN_p,1.1.1.86,2_ACETO_LACTATE_p + NADPH_p + PROTON_p --> DIOH_ISOVALERATE_p + NADP_p,9.015021398231285e-05
423,4_PERIOD_2_PERIOD_1_PERIOD_59_RXN_p,4.2.1.59,3_Hydroxy_octanoyl_ACPs_p --> 2_Octenoyl_ACPs_p + WATER_p,0.0009246481624685671
424,DTMPKI_RXN_c,2.7.4.9,0.65 ATP_c + DTMP_c + 0.66 PROTON_c + 0.35 aATP_c --> 0.5 ADP_c + 0.49 DTDP_c + 0.5 aADP_c + 0.51 aDTDP_c,0.0
425,Mitochondrial_ATP_Synthase_m,NA,2.4 ADP_m + 10.0 PROTON_i + 3.0 Pi_m + 0.6 aADP_m --> 2.7 ATP_m + 7.3 PROTON_m + 3.0 WATER_m + 0.3 aATP_m,0.03476568674431103
426,Pi_tx,NA, <=> Pi_e,0.0004623240812342868
427,X5P_Pi_pc,NA,0.7 Pi_c + XYLULOSE_5_PHOSPHATE_p + 0.3 aPi_c <=> 0.3 PROTON_c + Pi_p + XYLULOSE_5_PHOSPHATE_c,-0.005054174039254322
428,RXN_7737_p,2.6.1,DELTA1_PIPERIDEINE_2_6_DICARBOXYLATE_p + GLT_p + PROTON_p + WATER_p --> 2_KETOGLUTARATE_p + LL_DIAMINOPIMELATE_p,0.00018784283685349586
429,Ca_biomass,NA,Ca_b <-- CAII_v,0.0
430,SUPEROX_DISMUT_RXN_p,1.15.1.1,2.0 PROTON_p + 2.0 SUPER_OXIDE_p --> HYDROGEN_PEROXIDE_p + OXYGEN_MOLECULE_p,0.0
431,RXN_1381_p,2.3.1.15,GLYCEROL_3P_p + Palmitoyl_ACPs_p --> ACP_p + ACYL_SN_GLYCEROL_3P_p,0.00046232408123428364
432,Biomass_tx,NA,0.2326035201 pALA_b + 0.1771733159 pARG_b + 0.1447158566 pASN_b + 0.3855539754 pASP_b + 0.1325494187 pGLN_b + 0.2261465373 pGLU_b + 0.2309411553 pGLY_b + 0.1673732646 pHIS_b + 0.1454255314 pILE_b + 0.0053400685 pLEU_b + 0.3415370304 pLYS_b + 0.1420323181 pMET_b + 0.1980982902 pPHE_b + 0.3368402626 pSER_b + 0.2365218861 pTHR_b + 0.2071316851 pTYR_b + 0.158571619 pVAL_b --> Protein_b,0.0005499925927021698
433,RXN_7800_p,NIL,CPD_7100_p + PROTON_p --> 2K_4CH3_PENTANOATE_p + CARBON_DIOXIDE_p,2.936998119522186e-06
434,SUC_xc,NA,SUC_x <=> SUC_c,0.0
435,THREONINE_ALDOLASE_RXN_c,4.1.2.5,THR_c --> ACETALD_c + GLY_c,0.0
436,SUPEROX_DISMUT_RXN_c,1.15.1.1,2.0 PROTON_c + 2.0 SUPER_OXIDE_c --> HYDROGEN_PEROXIDE_c + OXYGEN_MOLECULE_c,0.0
437,sSUCROSE_biomass,NA,sSUCROSE_b <-- SUCROSE_c,0.0
438,DIHYDROPICRED_RXN_NAD_p,1.3.1.26,2_3_DIHYDRODIPICOLINATE_p + NADH_p + PROTON_p --> DELTA1_PIPERIDEINE_2_6_DICARBOXYLATE_p + NAD_p,0.00018784283685349584
439,ADENYL_KIN_RXN_c,2.7.4.3,AMP_c + 0.65 ATP_c + 0.65 PROTON_c + 0.35 aATP_c <=> ADP_c + aADP_c,0.0
440,GAPOXNPHOSPHN_RXN_c,1.2.1.12,GAP_c + NAD_c + 0.7 Pi_c + 0.3 aPi_c <=> DPG_c + NADH_c + 1.3 PROTON_c,0.008179476754701945
441,RXN_9531_p,2.3.1.41,Decanoyl_ACPs_p + MALONYL_ACP_p + PROTON_p --> 3_oxo_dodecanoyl_ACPs_p + ACP_p + CARBON_DIOXIDE_p,0.0
442,RXN_7979_p,1.14.13.90,CPD1F_131_p + OXYGEN_MOLECULE_p + 2.0 PROTON_p + 2.0 Reduced_ferredoxins_p --> CPD1F_133_p + 2.0 Oxidized_ferredoxins_p + WATER_p,0.0
443,3_ISOPROPYLMALDEHYDROG_RXN_p,1.1.1.85,2_D_THREO_HYDROXY_3_CARBOXY_ISOCAPROATE_p + NAD_p --> CPD_7100_p + NADH_p + PROTON_p,2.9369981195221866e-06
444,ILE_mc,1.2.1.27,ILE_m <=> ILE_c,0.0
445,GLUTACONYL_COA_DECARBOXYLASE_RXN_x,4.1.1.70,GLUTACONYL_COA_x + PROTON_x --> CARBON_DIOXIDE_x + CROTONYL_COA_x,0.0
446,GLT_MAL_pc,NA,GLT_p + MAL_c <=> GLT_c + MAL_p,0.0013798247003019778
447,ADENYL_KIN_RXN_p,2.7.4.3,AMP_p + 0.9 ATP_p + 0.3 PROTON_p + 0.1 aATP_p <=> 1.6 ADP_p + 0.4 aADP_p,0.0004377855686208779
448,GLUTAMIDOTRANS_RXN_p,2.4.2,GLN_p + PHOSPHORIBULOSYL_FORMIMINO_AICAR_P_p --> AICAR_p + D_ERYTHRO_IMIDAZOLE_GLYCEROL_P_p + GLT_p + PROTON_p,9.205405574638031e-05
449,ADENYL_KIN_RXN_m,2.7.4.3,AMP_m + 0.9 ATP_m + 0.3 PROTON_m + 0.1 aATP_m <=> 1.6 ADP_m + 0.4 aADP_m,0.001987272610966178
450,HYDROXYPYRUVATE_REDUCTASE_RXN_NAD_x,NA,NADH_x + OH_PYR_x + PROTON_x --> GLYCERATE_x + NAD_x,0.0
451,RXN0_1483_c,1.16.3.1,4.0 FeII_c + OXYGEN_MOLECULE_c + 4.0 PROTON_c --> 4.0 FeIII_c + 2.0 WATER_c,0.0
452,RXN_5643_c,2.1.1.103,0.88 CPD_5441_c + S_ADENOSYLMETHIONINE_c + 0.12 aCPD_5441_c --> ADENOSYL_HOMO_CYS_c + 0.94 PHOSPHORYL_CHOLINE_c + 0.06 PROTON_c + 0.06 aPHOSPHORYL_CHOLINE_c,0.0
453,SUCCINATE_DEHYDROGENASE_UBIQUINONE_RXN_mc,1.3.5.1,SUC_m + UBIQUINONE_mc --> FUM_m + UBIQUINOL_mc,0.0
454,GAPOXNPHOSPHN_RXN_p,1.2.1.12,GAP_p + NAD_p + Pi_p <=> DPG_p + NADH_p + PROTON_p,0.0047781059135563715
455,TRANSALDOL_RXN_p,2.2.1.2,D_SEDOHEPTULOSE_7_P_p + GAP_p <=> ERYTHROSE_4P_p + FRUCTOSE_6P_p,0.003001258093022161
456,MET_PROTON_vc,NA,MET_c + PROTON_v --> MET_v + PROTON_c,0.0
457,PROPIONYL_COA_xc,NA,PROPIONYL_COA_x <=> PROPIONYL_COA_c,4.479124282031417e-20
458,3_HYDROXBUTYRYL_COA_DEHYDRATASE_RXN_x,4.2.1.55,CROTONYL_COA_x + WATER_x --> CPD_650_x,0.0
459,THRESYN_RXN_p,4.2.3.1,O_PHOSPHO_L_HOMOSERINE_p + WATER_p --> Pi_p + THR_p,0.0002100682504267231
460,CO2_ec,NA,CARBON_DIOXIDE_e <=> CARBON_DIOXIDE_c,-0.03575122798597064
461,RXN_961_p,4.1.1,D_RIBULOSE_15_P2_p + OXYGEN_MOLECULE_p --> CPD_67_p + G3P_p + 2.0 PROTON_p,0.0
462,PHOSPHORYL_ETHANOLAMINE_mc,NA,0.96 PHOSPHORYL_ETHANOLAMINE_m + 0.09 PROTON_c + 0.04 aPHOSPHORYL_ETHANOLAMINE_m <=> 0.87 PHOSPHORYL_ETHANOLAMINE_c + 0.13 aPHOSPHORYL_ETHANOLAMINE_c,0.0
463,GART_RXN_p,2.1.2.2,10_FORMYL_THF_p + 0.42 5_PHOSPHO_RIBOSYL_GLYCINEAMIDE_p + 0.58 a5_PHOSPHO_RIBOSYL_GLYCINEAMIDE_p --> 5_P_RIBOSYL_N_FORMYLGLYCINEAMIDE_p + 0.58 PROTON_p + THF_p,0.0
464,RXN_9662_p,1.3.1.9,NADH_p + PROTON_p + Tetradec_2_enoyl_ACPs_p --> Myristoyl_ACPs_p + NAD_p,0.0009246481624685672
465,2OXOGLUTARATEDEH_RXN_m,NIL,2_KETOGLUTARATE_m + CO_A_m + NAD_m --> CARBON_DIOXIDE_m + NADH_m + SUC_COA_m,0.006483455508182784
466,ILE_PROTON_vc,NA,ILE_c + PROTON_v --> ILE_v + PROTON_c,0.0
467,4_AMINO_BUTYRATE_PROTON_vc,NA,4_AMINO_BUTYRATE_c + PROTON_v --> 4_AMINO_BUTYRATE_v + PROTON_c,0.0
468,HISTIDPHOS_RXN_p,3.1.3.15,L_HISTIDINOL_P_p + WATER_p --> HISTIDINOL_p + Pi_p,9.205405574638031e-05
469,2KG_CIT_mc,NA,2_KETOGLUTARATE_m + CIT_c + PROTON_c <=> 2_KETOGLUTARATE_c + CIT_m + PROTON_m,-0.0064834555081827875
470,Mg_tx,NA, <=> MGII_e,3.243766951217393e-05
471,FRUCTOKINASE_RXN_c,2.7.1.4,0.65 ATP_c + FRU_c + 0.35 aATP_c --> 0.5 ADP_c + FRUCTOSE_6P_c + 0.85 PROTON_c + 0.5 aADP_c,0.0
472,HIS_ORNITHINE_mc,NA,HIS_m + L_ORNITHINE_c <=> HIS_c + L_ORNITHINE_m,0.0
473,METHYLACYLYLCOA_HYDROXY_RXN_m,4.2.1.17,METHACRYL_COA_m + WATER_m --> CPD_12173_m,-1.6811880777020707e-20
474,RXN_9651_p,2.3.1.41,MALONYL_COA_p + Octanoyl_ACPs_p + PROTON_p --> 3_oxo_decanoyl_ACPs_p + CARBON_DIOXIDE_p + CO_A_p,0.0009246481624685671
475,RXN0_5260_m,1.1.5.3,GLYCEROL_3P_c + UBIQUINONE_mc --> DIHYDROXY_ACETONE_PHOSPHATE_c + UBIQUINOL_mc,0.0
476,L_ASPARTATE_GLU_mc,NA,GLT_c + L_ASPARTATE_m <=> GLT_m + L_ASPARTATE_c,0.0
477,RXN_9540_p,1.1.1.100,3_oxo_palmitoyl_ACPs_p + NADPH_p + PROTON_p --> NADP_p + R_3_Hydroxypalmitoyl_ACPs_p,0.0009246481624685673
478,SEDOHEPTULOSE_BISPHOSPHATASE_RXN_p,3.1.3.37,D_SEDOHEPTULOSE_1_7_P2_p + WATER_p --> D_SEDOHEPTULOSE_7_P_p + Pi_p,0.0
479,GLYCINE_AMINOTRANSFERASE_RXN_x,2.6.1.4,GLT_x + GLYOX_x <=> 2_KETOGLUTARATE_x + GLY_x,-1.310608739361803e-20
480,RXN0_5330_NAD_mc,1.6.5,NADH_m + PROTON_m + UBIQUINONE_mc --> NAD_m + UBIQUINOL_mc,0.0
481,MAL_CIT_vc,NA,CIT_c + 0.7 MAL_v + 0.5 PROTON_v + 0.3 aMAL_v --> 0.5 CIT_v + MAL_c + 0.3 PROTON_c + 0.5 aCIT_v,0.0
482,MAL_CIT_rev_vc,NA,0.5 CIT_v + MAL_c + 0.3 PROTON_v + 0.5 aCIT_v --> CIT_c + 0.7 MAL_v + 0.5 PROTON_c + 0.3 aMAL_v,0.0
483,SO4_ec,NA,3.0 PROTON_e + SULFATE_e --> 3.0 PROTON_c + SULFATE_c,7.811672287931791e-05
484,GLYCINE_TRNA_LIGASE_RXN_c,6.1.1.14,0.65 ATP_c + GLY_c + GLY_tRNAs_c + PROTON_c + 0.35 aATP_c --> AMP_c + Charged_GLY_tRNAs_c + 0.65 PPI_c + 0.35 aPPI_c,0.00012701592476508148
485,Pi_xc,NA,0.3 PROTON_c + 0.7 Pi_x + 0.3 aPi_x <=> 0.3 PROTON_x + 0.7 Pi_c + 0.3 aPi_c,5.728502366219303e-20
486,GLYOHMETRANS_RXN_c,2.1.2.1,SER_c + THF_c <=> GLY_c + METHYLENE_THF_c + WATER_c,5.653929594900974e-05
487,GLYOHMETRANS_RXN_m,2.1.2.1,SER_m + THF_m <=> GLY_m + METHYLENE_THF_m + WATER_m,0.0
488,RXN0_5184_c,2.4.1.1,Heteroglycans_c + 0.7 Pi_c + 0.3 aPi_c <=> GLC_1_P_c + 0.3 PROTON_c,0.0
489,RXN0_5330_NAD_mi,1.6.5,NADH_m + PROTON_m + UBIQUINONE_mi --> NAD_m + UBIQUINOL_mi,0.0
490,RXN_11213_m,1.2.1.27,CH3_MALONATE_S_ALD_m + CO_A_m + NAD_m + WATER_m --> HCO3_m + NADH_m + PROPIONYL_COA_m + PROTON_m,-4.1674575305288995e-20
491,GLYOHMETRANS_RXN_p,2.1.2.1,SER_p + THF_p <=> GLY_p + METHYLENE_THF_p + WATER_p,9.205405574638033e-05
492,pLEU_biomass,NA,LEU_tRNAs_c + 2.0 PROTON_c + pLEU_b <-- Charged_LEU_tRNAs_c + Protein_polymerisation_cost_c + Protein_processing_cost_c + Protein_tranlocation_cost_c + WATER_c,-2.9369981195221866e-06
493,UGD_RXN_c,1.1.1.22,2.0 NAD_c + UDP_GLUCOSE_c + WATER_c --> 2.0 NADH_c + 3.0 PROTON_c + UDP_GLUCURONATE_c,0.0
494,HISTAMINOTRANS_RXN_p,2.6.1.9,GLT_p + IMIDAZOLE_ACETOL_P_p --> 2_KETOGLUTARATE_p + L_HISTIDINOL_P_p,9.20540557463803e-05
495,HIS_pc,NA,HIS_p <=> HIS_c,9.20540557463803e-05
496,CA2_rev_vc,NA,CAII_c + 3.0 PROTON_v --> CAII_v + 3.0 PROTON_c,0.0
497,O2_xc,NA,OXYGEN_MOLECULE_x <=> OXYGEN_MOLECULE_c,2.4842009508952595e-20
498,GLUTDECARBOX_RXN_c,4.1.1.15,GLT_c + PROTON_c --> 4_AMINO_BUTYRATE_c + CARBON_DIOXIDE_c,0.0
499,RXN_5641_c,4.1.1,PROTON_c + SER_c --> CARBON_DIOXIDE_c + ETHANOL_AMINE_c,0.0
500,CARBAMATE_KINASE_RXN_p,2.7.2.2,AMMONIUM_p + 0.9 ATP_p + CARBON_DIOXIDE_p + 0.1 aATP_p <=> 0.8 ADP_p + CARBAMOYL_P_p + 1.9 PROTON_p + 0.2 aADP_p,9.744401136948158e-05
501,TRP_PROTON_rev_vc,NA,PROTON_v + TRP_v --> PROTON_c + TRP_c,0.0
502,Glycolate_xc,NA,GLYCOLLATE_x <=> GLYCOLLATE_c,0.0
503,THR_pc,NA,THR_p <=> THR_c,0.00013008528536694627
504,DTDPKIN_RXN_c,2.7.4.6,0.65 ATP_c + 0.49 DTDP_c + 0.15 PROTON_c + 0.35 aATP_c + 0.51 aDTDP_c --> 0.5 ADP_c + 0.49 DTTP_c + 0.5 aADP_c + 0.51 aDTTP_c,0.0
505,AIRCARBOXY_RXN_p,4.1.1.21,0.54 5_PHOSPHORIBOSYL_5_AMINOIMIDAZOLE_p + HCO3_p + 0.46 a5_PHOSPHORIBOSYL_5_AMINOIMIDAZOLE_p --> 0.88 PHOSPHORIBOSYL_CARBOXY_AMINOIMIDAZOLE_p + 0.34 PROTON_p + WATER_p + 0.12 aPHOSPHORIBOSYL_CARBOXY_AMINOIMIDAZOLE_p,0.0
506,PLASTOQUINOL_PLASTOCYANIN_REDUCTASE_RXN_p,1.10.99.1,2.0 Oxidized_Plastocyanins_p + PLASTOQUINOL_1_p + 2.0 PROTON_p --> PLASTOQUINONE_p + 4.0 PROTON_l + 2.0 Plastocyanin_Reduced_p,0.0
507,HISTPRATPHYD_RXN_p,3.6.1.31,PHOSPHORIBOSYL_ATP_p + WATER_p --> PHOSPHORIBOSYL_AMP_p + 0.55 PPI_p + 1.45 PROTON_p + 0.45 bPPI_p,9.205405574638031e-05
508,MET_pc,NA,MET_p <=> MET_c,0.0
509,RXN_9524_p,1.1.1.100,3_Oxo_octanoyl_ACPs_p + NADPH_p + PROTON_p --> 3_Hydroxy_octanoyl_ACPs_p + NADP_p,0.0009246481624685671
510,OAA_MAL_mc,NA,MAL_c + OXALACETIC_ACID_m <=> MAL_m + OXALACETIC_ACID_c,0.003993916237870313
511,GCVMULTI_RXN_m,NIL,GLY_m + NAD_m + THF_m --> AMMONIUM_m + CARBON_DIOXIDE_m + METHYLENE_THF_m + NADH_m,2.1577426930308577e-05
512,Xylan_biomass,NA,Xylan_b <-- XYLAN_c,0.0
513,ALANINE_TRNA_LIGASE_RXN_c,6.1.1.7,ALA_tRNAs_c + 0.65 ATP_c + L_ALPHA_ALANINE_c + PROTON_c + 0.35 aATP_c --> AMP_c + Charged_ALA_tRNAs_c + 0.65 PPI_c + 0.35 aPPI_c,0.00012793021309145022
514,ACETYLORNTRANSAM_RXN_p,2.6.1.11,CPD_469_p + GLT_p --> 2_KETOGLUTARATE_p + N_ALPHA_ACETYLORNITHINE_p,9.74440113694816e-05
515,ASNSYNA_RXN_c,6.3.1.1,AMMONIUM_c + 0.65 ATP_c + L_ASPARTATE_c + 0.35 aATP_c --> AMP_c + ASN_c + 0.65 PPI_c + PROTON_c + 0.35 aPPI_c,7.959264917654941e-05
516,CONIFERIN_BETA_GLUCOSIDASE_RXN_c,3.2.1.126,CPD_1777_c + WATER_c --> CONIFERYL_ALCOHOL_c + GLC_c,0.0
517,RXN_9657_p,1.3.1.9,Crotonyl_ACPs_p + NADH_p + PROTON_p --> Butanoyl_ACPs_p + NAD_p,0.0009246481624685671
518,pTRP_biomass,NA,2.0 PROTON_c + TRP_tRNAs_c + pTRP_b <-- Charged_TRP_tRNAs_c + Protein_polymerisation_cost_c + Protein_processing_cost_c + Protein_tranlocation_cost_c + WATER_c,0.0
519,RXN_8001_p,1.1.1.23,HISTIDINOL_p + 2.0 NAD_p + WATER_p --> HIS_p + 2.0 NADH_p + 3.0 PROTON_p,9.20540557463803e-05
520,CIT_PROTON_rev_vc,NA,0.5 CIT_v + 2.5 PROTON_v + 0.5 aCIT_v --> CIT_c + 3.0 PROTON_c,0.0
521,2TRANSKETO_RXN_p,2.2.1.1,ERYTHROSE_4P_p + XYLULOSE_5_PHOSPHATE_p <=> FRUCTOSE_6P_p + GAP_p,0.002778384608266278
522,PHENYLALANINE_TRNA_LIGASE_RXN_c,6.1.1.20,0.65 ATP_c + PHE_c + PHE_tRNAs_c + PROTON_c + 0.35 aATP_c --> AMP_c + Charged_PHE_tRNAs_c + 0.65 PPI_c + 0.35 aPPI_c,0.00010895259223696483
523,SUC_ISOCITRATE_mc,NA,PROTON_c + SUC_m + THREO_DS_ISO_CITRATE_c <=> PROTON_m + SUC_c + THREO_DS_ISO_CITRATE_m,0.0
524,pPHE_biomass,NA,PHE_tRNAs_c + 2.0 PROTON_c + pPHE_b <-- Charged_PHE_tRNAs_c + Protein_polymerisation_cost_c + Protein_processing_cost_c + Protein_tranlocation_cost_c + WATER_c,-0.00010895259223696483
525,PRO_PROTON_rev_vc,NA,PROTON_v + PRO_v --> PROTON_c + PRO_c,0.0
526,2_KETO_ADIPATE_DEHYDROG_RXN_m,NIL,2K_ADIPATE_m + CO_A_m + NAD_m --> CARBON_DIOXIDE_m + GLUTARYL_COA_m + NADH_m,0.0
527,MAL_SO4_mc,NA,MAL_m + SULFATE_c <=> MAL_c + SULFATE_m,0.0
528,GLUCURONOKINASE_RXN_c,2.7.1.43,0.65 ATP_c + GLUCURONATE_c + 0.35 aATP_c --> 0.5 ADP_c + CPD_510_c + 0.85 PROTON_c + 0.5 aADP_c,0.0
529,GLUTAMATE_SYNTHASE_FERREDOXIN_RXN_p,1.4.7.1,2_KETOGLUTARATE_p + GLN_p + 2.0 PROTON_p + 2.0 Reduced_ferredoxins_p --> 2.0 GLT_p + 2.0 Oxidized_ferredoxins_p,0.0
530,L_ASPARTATE_PROTON_rev_vc,NA,L_ASPARTATE_v + PROTON_v --> L_ASPARTATE_c + PROTON_c,0.0
531,Phloem_output_tx,NA,0.0022970297 4_AMINO_BUTYRATE_c + 0.0004186704 ARG_c + 0.0015049505 ASN_c + 0.0004186704 CYS_c + 0.0792079208 FRU_c + 0.0693069307 GLC_c + 0.0240792079 GLN_c + 0.0124356436 GLT_c + 0.0007128713 GLY_c + 0.0004186704 HIS_c + 0.0017425743 ILE_c + 0.0020594059 LEU_c + 0.0022178218 LYS_c + 0.0038811881 L_ALPHA_ALANINE_c + 0.006019802 L_ASPARTATE_c + 0.0004186704 MET_c + 0.0057029703 PHE_c + 0.9603960396 PROTON_e + 0.0004186704 PRO_c + 0.003960396 SER_c + 0.0068910891 THR_c + 0.0004186704 TRP_c + 0.0004186704 TYR_c + 0.0027722772 VAL_c + 0.7326732673 sSUCROSE_b --> 0.9603960396 PROTON_c,0.0
532,HMBPP_synthesis_p,NA,0.9 ATP_p + 0.79 CTP_p + GAP_p + NADPH_p + 2.65 PROTON_p + PYRUVATE_p + 2.0 Reduced_ferredoxins_p + 0.1 aATP_p + 0.21 aCTP_p --> 0.8 ADP_p + CARBON_DIOXIDE_p + CMP_p + 0.79 HYDROXY_METHYL_BUTENYL_DIP_p + NADP_p + 2.0 Oxidized_ferredoxins_p + 0.55 PPI_p + WATER_p + 0.2 aADP_p + 0.21 aHYDROXY_METHYL_BUTENYL_DIP_p + 0.45 bPPI_p,0.0
533,TYROSINE_TRNA_LIGASE_RXN_c,6.1.1.1,0.65 ATP_c + PROTON_c + TYR_c + TYR_tRNAs_c + 0.35 aATP_c --> AMP_c + Charged_TYR_tRNAs_c + 0.65 PPI_c + 0.35 aPPI_c,0.00011392089251891838
534,NITRATE_PROTON_rev_vc,NA,2.0 NITRATE_c + PROTON_v --> 2.0 NITRATE_v + PROTON_c,0.0
535,SUC_Pi_mc,NA,0.7 Pi_c + SUC_m + 0.3 aPi_c <=> 0.3 PROTON_c + Pi_m + SUC_c,0.0
536,Protein_Processing_c,NA,0.1989 ATP_c + 0.306 WATER_c + 0.1071 aATP_c --> 0.153 ADP_c + 0.1683 PROTON_c + 0.2142 Pi_c + Protein_processing_cost_c + 0.153 aADP_c + 0.0918 aPi_c,0.0019076799617896282
537,PSII_RXN_p,1.10.3,2.0 PLASTOQUINONE_p + 4.0 PROTON_p + 4.0 Photon_p + 2.0 WATER_p --> OXYGEN_MOLECULE_p + 2.0 PLASTOQUINOL_1_p + 4.0 PROTON_l,0.0
538,NH4_ec,NA,AMMONIUM_e --> AMMONIUM_c,0.002724456791872856
539,HIS_PROTON_rev_vc,NA,PROTON_v + bHIS_v --> HIS_c + 2.0 PROTON_c,0.0
540,MAL_xc,NA,MAL_x <=> MAL_c,-8.244923750195026e-20
541,RXN_9535_p,2.3.1.41,Dodecanoyl_ACPs_p + MALONYL_ACP_p + PROTON_p --> 3_oxo_myristoyl_ACPs_p + ACP_p + CARBON_DIOXIDE_p,0.0
542,GLN_PROTON_rev_vc,NA,GLN_v + PROTON_v --> GLN_c + PROTON_c,0.0
543,ISPH2_RXN_p,1.17.1.2,0.79 HYDROXY_METHYL_BUTENYL_DIP_p + 2.0 PROTON_p + 2.0 Reduced_ferredoxins_p + 0.21 aHYDROXY_METHYL_BUTENYL_DIP_p --> 0.79 DELTA3_ISOPENTENYL_PP_p + 2.0 Oxidized_ferredoxins_p + WATER_p + 0.21 aDELTA3_ISOPENTENYL_PP_p,0.0
544,OAA_MAL_pc,NA,MAL_c + OXALACETIC_ACID_p <=> MAL_p + OXALACETIC_ACID_c,-0.003169092094158415
545,GLUTSEMIALDEHYDROG_RXN_c,1.2.1.41,0.91 L_GLUTAMATE_5_P_c + NADPH_c + 2.21 PROTON_c + 0.09 aL_GLUTAMATE_5_P_c --> L_GLUTAMATE_GAMMA_SEMIALDEHYDE_c + NADP_c + 0.7 Pi_c + 0.3 aPi_c,-1.1344872025371369e-20
546,A_B_oxidation_x,NA,2_KETOGLUTARATE_x + 1.3 ATP_x + 7.0 CO_A_x + CPD_14927_x + NADPH_x + 7.0 NAD_x + 7.0 OXYGEN_MOLECULE_x + 8.0 WATER_x + 0.7 aATP_x --> 3.0 ACETYL_COA_x + 2.0 AMP_x + 2.0 CARBON_DIOXIDE_x + 6.0 HYDROGEN_PEROXIDE_x + ISOBUTYRYL_COA_x + 7.0 NADH_x + NADP_x + 1.3 PPI_x + 3.0 PROPIONYL_COA_x + 7.0 PROTON_x + SUC_x + 0.7 aPPI_x,0.0
547,THIOREDOXIN_REDUCT_NADPH_RXN_p,1.8.1.9,NADPH_p + Ox_Thioredoxin_p + PROTON_p --> NADP_p + Red_Thioredoxin_p,0.0
548,RXN_9104_c,2.4.2.24,UDP_D_XYLOSE_c --> 0.5 PROTON_c + 0.5 UDP_c + XYLAN_c + 0.5 aUDP_c,0.0
549,SHIKIMATE_5_DEHYDROGENASE_RXN_p,1.1.1.25,3_DEHYDRO_SHIKIMATE_p + NADPH_p + 2.0 PROTON_p --> NADP_p + SHIKIMATE_p,0.0002228734847558832
550,ACET_xc,NA,ACET_x <=> ACET_c,-1.995417906306888e-20
551,K_ec,NA,KI_e + PROTON_e --> KI_c + PROTON_c,0.0
552,RXN_7674_p,2.5.1,CPD_7014_p + 0.8 PHYTYL_PYROPHOSPHATE_p + 0.2 aPHYTYL_PYROPHOSPHATE_p --> CHLOROPHYLL_B_p + 0.55 PPI_p + 0.65 PROTON_p + 0.45 bPPI_p,0.0
553,CTPSYN_RXN_p,6.3.4.2,0.9 ATP_p + GLN_p + 0.18 UTP_p + WATER_p + 0.1 aATP_p + 0.82 aUTP_p --> 0.8 ADP_p + 0.79 CTP_p + GLT_p + 3.51 PROTON_p + Pi_p + 0.2 aADP_p + 0.21 aCTP_p,0.0
554,FRU_vc,NA,FRU_v --> FRU_c,0.0
555,RXN_9655_p,4.2.1.59,Beta_hydroxydecanoyl_ACPs_p --> Trans_D2_decenoyl_ACPs_p + WATER_p,0.0009246481624685671
556,4_PERIOD_2_PERIOD_1_PERIOD_58_RXN_p,4.2.1.58,Beta_3_hydroxybutyryl_ACPs_p <=> Crotonyl_ACPs_p + WATER_p,0.0009246481624685671
557,1_PERIOD_18_PERIOD_1_PERIOD_2_RXN_p,1.18.1.2,NADP_p + PROTON_p + 2.0 Reduced_ferredoxins_p <=> NADPH_p + 2.0 Oxidized_ferredoxins_p,-0.0002343501686379537
558,PRO_mc,NA,PRO_m <=> PRO_c,0.0
559,CYSTEINE_AMINOTRANSFERASE_RXN_m,2.6.1.3,2_KETOGLUTARATE_m + 0.92 CYS_m + 0.08 PROTON_m + 0.08 bCYS_m <=> 3_MERCAPTO_PYRUVATE_m + GLT_m,0.0
560,GLUCOKIN_RXN_c,2.7.1.2,0.65 ATP_c + GLC_c + 0.35 aATP_c --> 0.5 ADP_c + GLC_6_P_c + 0.85 PROTON_c + 0.5 aADP_c,0.019659557112910817
561,GLT_PROTON_rev_vc,NA,GLT_v + PROTON_v --> GLT_c + PROTON_c,0.0
562,PRPPSYN_RXN_p,2.7.6.1,0.9 ATP_p + RIBOSE_5P_p + 0.1 aATP_p --> AMP_p + 0.9 PROTON_p + 0.8 PRPP_p + 0.2 aPRPP_p,9.205405574638031e-05
563,VALINE_TRNA_LIGASE_RXN_c,6.1.1.9,0.65 ATP_c + PROTON_c + VAL_c + VAL_tRNAs_c + 0.35 aATP_c --> AMP_c + Charged_VAL_tRNAs_c + 0.65 PPI_c + 0.35 aPPI_c,8.721321586279065e-05
564,GLUTAMINESYN_RXN_c,6.3.1.2,AMMONIUM_c + 0.65 ATP_c + GLT_c + 0.35 aATP_c --> 0.5 ADP_c + GLN_c + 0.55 PROTON_c + 0.7 Pi_c + 0.5 aADP_c + 0.3 aPi_c,0.0
565,GLUTAMINESYN_RXN_m,6.3.1.2,AMMONIUM_m + 0.9 ATP_m + GLT_m + 0.1 aATP_m --> 0.8 ADP_m + GLN_m + 0.9 PROTON_m + Pi_m + 0.2 aADP_m,0.0026664415696266153
566,1_PERIOD_5_PERIOD_1_PERIOD_20_RXN_c,1.5.1.20,METHYLENE_THF_c + NADH_c + PROTON_c --> 5_METHYL_THF_c + NAD_c,7.811672287931833e-05
567,GLUTAMINESYN_RXN_p,6.3.1.2,AMMONIUM_p + 0.9 ATP_p + GLT_p + 0.1 aATP_p --> 0.8 ADP_p + GLN_p + 0.9 PROTON_p + Pi_p + 0.2 aADP_p,6.065567656961311e-05
568,HOMO_CYS_pc,NA,HOMO_CYS_p <=> HOMO_CYS_c,7.811672287931788e-05
569,GLUCOKIN_RXN_p,2.7.1.2,0.9 ATP_p + GLC_p + 0.1 aATP_p --> 0.8 ADP_p + GLC_6_P_p + 0.9 PROTON_p + 0.2 aADP_p,0.0
570,PALMITATE_pc,NA,PALMITATE_p <=> PALMITATE_c,0.0
571,DUMP_mc,NA,DUMP_m <=> DUMP_c,0.0
572,GUANYL_KIN_RXN_p,2.7.4.8,0.9 ATP_p + 0.5 GMP_p + 1.4 PROTON_c + 0.1 aATP_p + 0.5 bGMP_p --> 0.8 ADP_p + 0.2 GDP_p + 0.2 aADP_p + 0.8 aGDP_p,3.293483426669763e-20
573,RXN_12002_p,2.7.4.14,0.9 ATP_p + 0.29 PROTON_p + UMP_p + 0.1 aATP_p --> 0.8 ADP_p + 0.81 UDP_p + 0.2 aADP_p + 0.19 aUDP_p,0.0
574,PEP_Pi_pc,NA,PHOSPHO_ENOL_PYRUVATE_p + 0.7 Pi_c + 0.3 aPi_c <=> PHOSPHO_ENOL_PYRUVATE_c + 0.3 PROTON_c + Pi_p,0.0
575,RXN_5781_r,2.7.8.2,CDP_CHOLINE_m + DIACYLGLYCEROL_r --> CMP_m + PHOSPHATIDYL_CHOLINE_r + PROTON_m,0.0
576,BRANCHED_CHAINAMINOTRANSFERLEU_RXN_m,2.6.1.42,2_KETOGLUTARATE_m + LEU_m <=> 2K_4CH3_PENTANOATE_m + GLT_m,0.0
577,BRANCHED_CHAINAMINOTRANSFERLEU_RXN_p,2.6.1.42,2_KETOGLUTARATE_p + LEU_p <=> 2K_4CH3_PENTANOATE_p + GLT_p,-2.936998119522186e-06
578,PROTON_ATPase_c,NA,0.65 ATP_c + 0.45 PROTON_c + WATER_c + 0.35 aATP_c --> 0.5 ADP_c + PROTON_e + 0.7 Pi_c + 0.5 aADP_c + 0.3 aPi_c,0.02504594046849991
579,DIHYDROXYISOVALDEHYDRAT_RXN_p,4.2.1.9,DIOH_ISOVALERATE_p --> 2_KETO_ISOVALERATE_p + WATER_p,9.015021398231285e-05
580,CO2_mc,NA,CARBON_DIOXIDE_m <=> CARBON_DIOXIDE_c,0.013304275249129876
581,MDA_Fd_Ascorbate_p,NA,CPD_318_p + PROTON_p + Reduced_ferredoxins_p --> ASCORBATE_p + Oxidized_ferredoxins_p,0.0
582,Palmitate_biomass,NA, <-- PALMITATE_p,0.0
583,CHORISMATEMUT_RXN_p,5.4.99.5,CHORISMATE_p --> PREPHENATE_p,0.00022287348475588325
584,SUC_FUM_mc,NA,FUM_c + SUC_m <=> FUM_m + SUC_c,0.0
585,GLT_PROTON_vc,NA,GLT_c + PROTON_v --> GLT_v + PROTON_c,0.0
586,GUANYL_KIN_RXN_c,2.7.4.8,0.65 ATP_c + 0.75 GMP_c + 0.78 PROTON_c + 0.35 aATP_c + 0.06 aGMP_c + 0.19 bGMP_c --> 0.5 ADP_c + 0.5 GDP_c + 0.5 aADP_c + 0.5 aGDP_c,0.0
587,PRAISOM_RXN_p,5.3.1.24,N_5_PHOSPHORIBOSYL_ANTHRANILATE_p --> CARBOXYPHENYLAMINO_DEOXYRIBULOSE_P_p,0.0
588,MercaptoPyruvateSulfurtransferase_m,NA,3_MERCAPTO_PYRUVATE_m + GLUTATHIONE_m + 0.02 PROTON_m --> 0.92 CPD_11281_m + PYRUVATE_m + 0.05 aCPD_11281_m + 0.03 bCPD_11281_m,0.0
589,RXN_9533_p,4.2.1.59,R_3_hydroxydodecanoyl_ACPs_p --> Dodec_2_enoyl_ACPs_p + WATER_p,0.0009246481624685671
590,sSER_biomass,NA,sSER_b <-- SER_c,0.0
591,GLUTAMATE_DEHYDROGENASE_RXN_m,1.4.1.2,GLT_m + NAD_m + WATER_m --> 2_KETOGLUTARATE_m + AMMONIUM_m + NADH_m + PROTON_m,0.0
592,ARG_HIS_mc,NA,ARG_m + HIS_c <=> ARG_c + HIS_m,0.0
593,SUCROSE_PHOSPHATASE_RXN_c,3.1.3.24,0.3 PROTON_c + SUCROSE_6P_c + WATER_c --> 0.7 Pi_c + SUCROSE_c + 0.3 aPi_c,0.0001510229126072322
594,ARG_pc,NA,0.93 ARG_p + 0.07 PROTON_p + 0.07 bARG_p <=> ARG_c,9.744401136948158e-05
595,PREPHENATEDEHYDROG_RXN_p,1.3.1.12,NAD_p + PREPHENATE_p --> CARBON_DIOXIDE_p + NADH_p + 0.82 P_HYDROXY_PHENYLPYRUVATE_p + 0.18 aP_HYDROXY_PHENYLPYRUVATE_p,0.0
596,AIRS_RXN_p,6.3.3.1,0.8 5_PHOSPHORIBOSYL_N_FORMYLGLYCINEAMIDINE_p + 0.9 ATP_p + 0.2 a5_PHOSPHORIBOSYL_N_FORMYLGLYCINEAMIDINE_p + 0.1 aATP_p --> 0.54 5_PHOSPHORIBOSYL_5_AMINOIMIDAZOLE_p + 0.8 ADP_p + 0.64 PROTON_p + Pi_p + 0.46 a5_PHOSPHORIBOSYL_5_AMINOIMIDAZOLE_p + 0.2 aADP_p,0.0
597,GLUTAMATE_SYNTHASE_NADH_RXN_p,1.4.1.14,2_KETOGLUTARATE_p + GLN_p + NADH_p + PROTON_p --> 2.0 GLT_p + NAD_p,0.0025621419919978697
598,RXN_9528_p,1.1.1.100,3_oxo_decanoyl_ACPs_p + NADPH_p + PROTON_p --> Beta_hydroxydecanoyl_ACPs_p + NADP_p,0.0009246481624685671
599,BRANCHED_CHAINAMINOTRANSFERVAL_RXN_m,2.6.1.42,2_KETOGLUTARATE_m + VAL_m <=> 2_KETO_ISOVALERATE_m + GLT_m,-1.9180803496875973e-20
600,OROTATE_REDUCTASE_NADH_RXN_p,1.3.1.14,DI_H_OROTATE_p + NAD_p --> NADH_p + OROTATE_p + 2.0 PROTON_p,0.0
601,RXN_7676_p,1.13.12.14,CHLOROPHYLLIDE_A_p + NADPH_p + OXYGEN_MOLECULE_p + PROTON_p --> CPD_7015_p + NADP_p + WATER_p,0.0
602,ARG_PROTON_rev_vc,NA,ARG_v + PROTON_v --> ARG_c + PROTON_c,0.0
603,RXN0_5114_p,3.1.3.3,3_P_SERINE_p + WATER_p --> Pi_p + SER_p,0.00041196972392856156
604,ILE_PROTON_rev_vc,NA,ILE_v + PROTON_v --> ILE_c + PROTON_c,0.0
605,GLC_vc,NA,GLC_v --> GLC_c,0.0
606,TYR_PROTON_rev_vc,NA,PROTON_v + TYR_v --> PROTON_c + TYR_c,0.0
607,ASPCARBTRANS_RXN_p,2.1.3.2,CARBAMOYL_P_p + L_ASPARTATE_p --> CARBAMYUL_L_ASPARTATE_p + PROTON_p + Pi_p,0.0
608,DIHYDRODIPICSYN_RXN_p,4.2.1.52,L_ASPARTATE_SEMIALDEHYDE_p + PYRUVATE_p --> 2_3_DIHYDRODIPICOLINATE_p + PROTON_p + 2.0 WATER_p,0.00018784283685349584
609,K_rev_vc,NA,KI_c + PROTON_v --> KI_v + PROTON_c,0.0
610,VAL_mc,NA,VAL_m <=> VAL_c,1.397462723095334e-20
611,Plastoquinol_Oxidase_p,NA,OXYGEN_MOLECULE_p + 2.0 PLASTOQUINOL_1_p --> 2.0 PLASTOQUINONE_p + 2.0 WATER_p,0.0
612,10_FORMYL_THF_pc,NA,10_FORMYL_THF_p <=> 10_FORMYL_THF_c,-9.20540557463803e-05
613,IMIDPHOSDEHYD_RXN_p,4.2.1.19,D_ERYTHRO_IMIDAZOLE_GLYCEROL_P_p --> IMIDAZOLE_ACETOL_P_p + WATER_p,9.205405574638031e-05
614,1_PERIOD_1_PERIOD_1_PERIOD_39_RXN_m,1.1.1.38,MAL_m + NAD_m --> CARBON_DIOXIDE_m + NADH_m + PYRUVATE_m,0.0
615,MAL_PROTON_vc,NA,MAL_c + 0.3 PROTON_v --> 0.7 MAL_v + 0.3 aMAL_v,7.187441143296451e-06
616,RXN_6383_x,4.2.1.17,3_HYDROXY_PROPIONYL_COA_x <=> ACRYLYL_COA_x + 4.0 PROTON_x + WATER_x,4.479124282031416e-20
617,pVAL_biomass,NA,2.0 PROTON_c + VAL_tRNAs_c + pVAL_b <-- Charged_VAL_tRNAs_c + Protein_polymerisation_cost_c + Protein_processing_cost_c + Protein_tranlocation_cost_c + WATER_c,-8.721321586279066e-05
618,RXN_9648_p,2.3.1.41,Butanoyl_ACPs_p + MALONYL_COA_p + PROTON_p --> 3_oxo_hexanoyl_ACPs_p + CARBON_DIOXIDE_p + CO_A_p,0.0009246481624685671
619,6PGLUCONDEHYDROG_RXN_p,1.1.1.44,CPD_2961_p + NADP_p --> CARBON_DIOXIDE_p + NADPH_p + RIBULOSE_5P_p,0.0038187808108026584
620,METHIONINE_TRNA_LIGASE_RXN_c,6.1.1.10,0.65 ATP_c + MET_c + MET_tRNAs_c + PROTON_c + 0.35 aATP_c --> AMP_c + Charged_MET_tRNAs_c + 0.65 PPI_c + 0.35 aPPI_c,7.811672287931833e-05
621,FORMATE_mc,NA,FORMATE_m <=> FORMATE_c,0.0
622,GDPKIN_RXN_m,2.7.4.6,0.9 ATP_m + 0.2 GDP_m + 0.1 aATP_m + 0.8 aGDP_m <=> 0.8 ADP_m + 0.9 GTP_m + 0.6 PROTON_m + 0.2 aADP_m + 0.1 aGTP_m,0.0
623,MAL_ACONITATE_mc,NA,CIS_ACONITATE_c + MAL_m + PROTON_c <=> CIS_ACONITATE_m + MAL_c + PROTON_m,0.0
624,H2O_ec,NA,WATER_e <=> WATER_c,-0.05053220570570539
625,ARG_CITRULLINE_mc,NA,ARG_m + L_CITRULLINE_c <=> ARG_c + L_CITRULLINE_m,0.0
626,GDPKIN_RXN_p,2.7.4.6,0.9 ATP_p + 0.2 GDP_p + 0.1 aATP_p + 0.8 aGDP_p <=> 0.8 ADP_p + 0.9 GTP_p + 0.6 PROTON_p + 0.2 aADP_p + 0.1 aGTP_p,9.205405574638034e-05
627,RXN_7678_NADP_p,1.1.1.294,CHLOROPHYLL_B_p + NADPH_p + PROTON_p --> CPD_7016_p + NADP_p,0.0
628,L_ASPARTATE_PROTON_vc,NA,L_ASPARTATE_c + PROTON_v --> L_ASPARTATE_v + PROTON_c,0.0
629,METHENYLTHFCYCLOHYDRO_RXN_c,3.5.4.9,5_10_METHENYL_THF_c + WATER_c --> 10_FORMYL_THF_c + PROTON_c,9.20540557463803e-05
630,RXN_3523_p,NIL,2.0 CPD_318_p --> ASCORBATE_p + L_DEHYDRO_ASCORBATE_p,0.0
631,pALA_biomass,NA,ALA_tRNAs_c + 2.0 PROTON_c + pALA_b <-- Charged_ALA_tRNAs_c + Protein_polymerisation_cost_c + Protein_processing_cost_c + Protein_tranlocation_cost_c + WATER_c,-0.00012793021309145025
632,TYR_pc,NA,TYR_p <=> TYR_c,0.00011392089251891837
633,BRANCHED_CHAINAMINOTRANSFERVAL_RXN_p,2.6.1.42,2_KETOGLUTARATE_p + VAL_p <=> 2_KETO_ISOVALERATE_p + GLT_p,-8.721321586279065e-05
634,G6P_Pi_pc,NA,GLC_6_P_p + 0.7 Pi_c + 0.3 aPi_c <=> GLC_6_P_c + 0.3 PROTON_c + Pi_p,0.0
635,ACET_mc,NA,ACET_m <=> ACET_c,0.0
636,2KG_MAL_mc,NA,2_KETOGLUTARATE_m + MAL_c <=> 2_KETOGLUTARATE_c + MAL_m,0.0
637,TYROSINE_AMINOTRANSFERASE_RXN_p,2.6.1.57,GLT_p + 0.82 P_HYDROXY_PHENYLPYRUVATE_p + 0.18 aP_HYDROXY_PHENYLPYRUVATE_p <=> 2_KETOGLUTARATE_p + TYR_p,0.0
638,RXN_9539_p,2.3.1.41,MALONYL_ACP_p + Myristoyl_ACPs_p + PROTON_p --> 3_oxo_palmitoyl_ACPs_p + ACP_p + CARBON_DIOXIDE_p,0.0
639,VAL_pc,NA,VAL_p <=> VAL_c,8.721321586279065e-05
640,HOMOSERKIN_RXN_p,2.7.1.39,0.9 ATP_p + HOMO_SER_p + 0.1 aATP_p --> 0.8 ADP_p + O_PHOSPHO_L_HOMOSERINE_p + 0.9 PROTON_p + 0.2 aADP_p,0.00028818497330604105
641,GLN_GLU_pc,NA,GLN_p + GLT_c <=> GLN_c + GLT_p,-0.002593540371174637
642,6PGLUCONDEHYDROG_RXN_c,1.1.1.44,CPD_2961_c + NADP_c --> CARBON_DIOXIDE_c + NADPH_c + RIBULOSE_5P_c,0.005054174039254323
643,NADPHoxc_tx,NA,NADPH_c + 0.5 OXYGEN_MOLECULE_c + PROTON_c --> 3 ATPNAPDH_maintenance_constraint + NADP_c + WATER_c,0.020666666666666667
644,1_PERIOD_2_PERIOD_1_PERIOD_9_RXN_c,1.2.1.9,GAP_c + NADP_c + WATER_c --> G3P_c + NADPH_c + 2.0 PROTON_c,0.0036880848940271473
645,ATPPHOSPHORIBOSYLTRANS_RXN_p,2.4.2.17,0.9 ATP_p + 0.8 PRPP_p + 0.1 aATP_p + 0.2 aPRPP_p --> PHOSPHORIBOSYL_ATP_p + 0.55 PPI_p + 0.75 PROTON_p + 0.45 bPPI_p,9.205405574638031e-05
646,RXN_969_x,1.1.3.15,GLYCOLLATE_x + OXYGEN_MOLECULE_x --> GLYOX_x + HYDROGEN_PEROXIDE_x,0.0
647,ACETOLACTSYN_RXN_p,2.2.1.6,PROTON_p + 2.0 PYRUVATE_p --> 2_ACETO_LACTATE_p + CARBON_DIOXIDE_p,9.015021398231285e-05
648,RXN1F_66_p,2.5.1.62,CHLOROPHYLLIDE_A_p + 0.8 PHYTYL_PYROPHOSPHATE_p + 0.2 aPHYTYL_PYROPHOSPHATE_p <=> CHLOROPHYLL_A_p + 0.55 PPI_p + 0.65 PROTON_p + 0.45 bPPI_p,0.0
649,RXN490_3650_p,1.97.1,Oxidized_ferredoxins_p + Photon_p + Plastocyanin_Reduced_p --> Oxidized_Plastocyanins_p + Reduced_ferredoxins_p,0.0
650,pTYR_biomass,NA,2.0 PROTON_c + TYR_tRNAs_c + pTYR_b <-- Charged_TYR_tRNAs_c + Protein_polymerisation_cost_c + Protein_processing_cost_c + Protein_tranlocation_cost_c + WATER_c,-0.00011392089251891838
651,AMP_ATP_xc,NA,AMP_x + 0.65 ATP_c + 0.35 PROTON_x + 0.35 aATP_c <=> AMP_c + 0.65 ATP_x + 0.35 PROTON_c + 0.35 aATP_x,2.226423098269939e-20
652,PEPCARBOX_RXN_c,4.1.1.31,HCO3_c + PHOSPHO_ENOL_PYRUVATE_c + 0.3 PROTON_c --> OXALACETIC_ACID_c + 0.7 Pi_c + 0.3 aPi_c,0.0010906465368702599
653,ACET_pc,NA,ACET_p <=> ACET_c,1.995417906306888e-20
654,MG2_rev_vc,NA,MGII_c + 2.0 PROTON_v --> MGII_v + 2.0 PROTON_c,3.243766951217394e-05
655,PHOSPHORIBULOKINASE_RXN_p,2.7.1.19,0.9 ATP_p + RIBULOSE_5P_p + 0.1 aATP_p --> 0.8 ADP_p + D_RIBULOSE_15_P2_p + 0.9 PROTON_p + 0.2 aADP_p,2.0402792583104885e-19
656,2KG_MAL_pc,NA,2_KETOGLUTARATE_p + MAL_c <=> 2_KETOGLUTARATE_c + MAL_p,-0.0014772687116714604
657,GLY_xc,NA,GLY_x <=> GLY_c,0.0
658,PHE_pc,NA,PHE_p <=> PHE_c,0.00010895259223696484
659,SUC_CIT_mc,NA,CIT_c + PROTON_c + SUC_m <=> CIT_m + PROTON_m + SUC_c,0.0
660,2PGADEHYDRAT_RXN_p,4.2.1.11,2_PG_p <=> PHOSPHO_ENOL_PYRUVATE_p + WATER_p,0.006311295244239321
661,GDPKIN_RXN_c,2.7.4.6,0.65 ATP_c + 0.5 GDP_c + 0.35 aATP_c + 0.5 aGDP_c <=> 0.5 ADP_c + 0.65 GTP_c + 0.5 aADP_c + 0.35 aGTP_c,0.003815359923579256
662,RXN_9659_p,1.3.1.9,2_Octenoyl_ACPs_p + NADH_p + PROTON_p --> NAD_p + Octanoyl_ACPs_p,0.0009246481624685671
663,RXN_1827_p,3.2.1.2,2.0 STARCH_p + WATER_p --> MALTOSE_p,0.0
664,CITSYN_RXN_x,2.3.3.1,ACETYL_COA_x + OXALACETIC_ACID_x + WATER_x --> CIT_x + CO_A_x + PROTON_x,0.0
665,PRO_TRNA_LIGASE_RXN_c,6.1.1.4,0.65 ATP_c + PRO_c + PRO_tRNAs_c + 0.35 aATP_c --> AMP_c + Charged_PRO_tRNAs_c + 0.65 PPI_c + PROTON_c + 0.35 aPPI_c,0.0
666,H2O_mc,NA,WATER_m <=> WATER_c,0.12159525171993318
667,2PGADEHYDRAT_RXN_c,4.2.1.11,2_PG_c <=> PHOSPHO_ENOL_PYRUVATE_c + WATER_c,0.00992240259411758
668,FORMATE_pc,NA,FORMATE_p <=> FORMATE_c,0.0
669,1_PERIOD_5_PERIOD_1_PERIOD_9_RXN_c,1.5.1.9,NAD_c + SACCHAROPINE_c + WATER_c --> ALLYSINE_c + GLT_c + NADH_c + PROTON_c,0.0
670,PRTRANS_RXN_p,2.4.2.18,N_5_PHOSPHORIBOSYL_ANTHRANILATE_p + 0.55 PPI_p + 0.65 PROTON_p + 0.45 bPPI_p <=> ANTHRANILATE_p + 0.8 PRPP_p + 0.2 aPRPP_p,0.0
671,DAHPSYN_RXN_p,2.5.1.54,ERYTHROSE_4P_p + PHOSPHO_ENOL_PYRUVATE_p + WATER_p --> 3_DEOXY_D_ARABINO_HEPTULOSONATE_7_P_p + Pi_p,0.0002228734847558832
672,CYSPH_RXN_p,2.5.1,CYS_p + O_PHOSPHO_L_HOMOSERINE_p --> L_CYSTATHIONINE_p + Pi_p,7.81167228793179e-05
673,Glycerol_biomass,NA,Glycerol_b <-- GLYCEROL_3P_c,0.0
674,2_PERIOD_5_PERIOD_1_PERIOD_19_RXN_p,2.5.1.19,PHOSPHO_ENOL_PYRUVATE_p + SHIKIMATE_5P_p --> 3_ENOLPYRUVYL_SHIKIMATE_5P_p + Pi_p,0.00022287348475588325
675,2_AMINOADIPATE_AMINOTRANSFERASE_RXN_c,2.6.1.39,2_KETOGLUTARATE_c + CPD_468_c --> 2K_ADIPATE_c + GLT_c,0.0
676,ORNCARBAMTRANSFER_RXN_p,2.1.3.3,CARBAMOYL_P_p + L_ORNITHINE_p <=> L_CITRULLINE_p + PROTON_p + Pi_p,9.744401136948158e-05
677,IPP_biosynthesis_c,NA,3.0 ACETYL_COA_c + 1.95 ATP_c + 2.0 NADPH_c + 1.26 PROTON_c + WATER_c + 1.05 aATP_c --> 1.5 ADP_c + CARBON_DIOXIDE_c + 3.0 CO_A_c + 0.49 DELTA3_ISOPENTENYL_PP_c + 2.0 NADP_c + 0.7 Pi_c + 1.5 aADP_c + 0.51 aDELTA3_ISOPENTENYL_PP_c + 0.3 aPi_c,0.0
678,PREPHENATE_DEHYDROGENASE_NADP_RXN_p,NA,NADP_p + PREPHENATE_p --> CARBON_DIOXIDE_p + NADPH_p + 0.82 P_HYDROXY_PHENYLPYRUVATE_p + 0.18 aP_HYDROXY_PHENYLPYRUVATE_p,0.0
679,HISTOLDEHYD_RXN_p,1.1.1.23,HISTIDINOL_p + NAD_p --> 0.35 HISTIDINAL_p + NADH_p + 1.35 PROTON_p + 0.65 bHISTIDINAL_p,0.0
680,RXN0_5330_NADP_c,1.6.5,NADPH_c + PROTON_c + UBIQUINONE_mc --> NADP_c + UBIQUINOL_mc,0.0
681,HISTALDEHYD_RXN_p,1.1.1.23,0.35 HISTIDINAL_p + NAD_p + WATER_p + 0.65 bHISTIDINAL_p --> HIS_p + NADH_p + 1.65 PROTON_p,0.0
682,RXN_14903_mi,1.5.5.2,PRO_m + UBIQUINONE_mi --> L_DELTA1_PYRROLINE_5_CARBOXYLATE_m + PROTON_m + UBIQUINOL_mi,0.0
683,GLUTAMATE_N_ACETYLTRANSFERASE_RXN_p,2.3.1.35,GLT_p + N_ALPHA_ACETYLORNITHINE_p --> ACETYL_GLU_p + L_ORNITHINE_p,9.744401136948161e-05
684,PROTON_PPi_rev_vc,NA,0.65 PPI_c + 0.25 PROTON_c + WATER_c + 0.35 aPPI_c --> PROTON_v + 1.4 Pi_c + 0.6 aPi_c,0.00024033120891238377
685,RXN_9958_NAD_m,1.2.1.18,CO_A_m + MALONATE_S_ALD_m + NAD_m --> ACETYL_COA_m + CARBON_DIOXIDE_m + NADH_m,-4.60242494944178e-20
686,GLN_GLU_mc,NA,GLN_m + GLT_c <=> GLN_c + GLT_m,0.0026664415696266157
687,NADPH_Dehydrogenase_p,NA,PLASTOQUINONE_p + 6.0 PROTON_p + 2.0 Reduced_ferredoxins_p --> 2.0 Oxidized_ferredoxins_p + PLASTOQUINOL_1_p + 4.0 PROTON_l,0.0
688,CITSYN_RXN_m,2.3.3.1,ACETYL_COA_m + OXALACETIC_ACID_m + WATER_m --> CIT_m + CO_A_m + PROTON_m,0.006799242314016785
689,OROTPDECARB_RXN_p,4.1.1.23,OROTIDINE_5_PHOSPHATE_p + PROTON_p --> CARBON_DIOXIDE_p + UMP_p,0.0
690,SUC_ACONITATE_mc,NA,CIS_ACONITATE_c + PROTON_c + SUC_m <=> CIS_ACONITATE_m + PROTON_m + SUC_c,0.0
691,K_biomass,NA,K_b <-- KI_v,0.0
692,PYRROLINECARBREDUCT_RXN_NADP_c,1.5.1.2,L_DELTA1_PYRROLINE_5_CARBOXYLATE_c + NADPH_c + PROTON_c --> NADP_c + PRO_c,0.0
693,Nitrate_tx,NA, <=> NITRATE_e,0.0
694,FUM_PROTON_vc,NA,FUM_c + 2.0 PROTON_v <=> 0.92 FUM_v + 1.92 PROTON_c + 0.08 aFUM_v,0.0
695,RXN_9537_p,4.2.1.59,R_3_hydroxymyristoyl_ACPs_p --> Tetradec_2_enoyl_ACPs_p + WATER_p,0.0009246481624685672
696,SER_xc,NA,SER_x <=> SER_c,0.0
697,TRP_PROTON_vc,NA,PROTON_v + TRP_c --> PROTON_c + TRP_v,0.0
698,Photon_ep,NA,Photon_e --> Photon_p,0.0
699,AICARTRANSFORM_RXN_p,2.1.2.3,10_FORMYL_THF_p + AICAR_p --> PHOSPHORIBOSYL_FORMAMIDO_CARBOXAMIDE_p + THF_p,9.205405574638031e-05
700,SULFITE_OXIDASE_RXN_m,1.8.3.1,OXYGEN_MOLECULE_m + 0.83 SO3_m + WATER_m + 0.17 aSO3_m --> HYDROGEN_PEROXIDE_m + 0.17 PROTON_m + SULFATE_m,0.0
701,CELLULOSE_SYNTHASE_GDP_FORMING_RXN_c,2.4.1.29,GDP_D_GLUCOSE_c --> CELLULOSE_c + 0.5 GDP_c + 0.5 PROTON_c + 0.5 aGDP_c,0.0
702,sGLN_biomass,NA,sGLN_b <-- GLN_c,0.0
703,SO4_tx,NA, <=> SULFATE_e,7.811672287931791e-05
704,RXN_7985_p,1.10.99.3,ASCORBATE_p + CPD1F_131_p --> CPD1F_130_p + L_DEHYDRO_ASCORBATE_p + WATER_p,0.0
705,RIB5PISOM_RXN_p,5.3.1.6,RIBOSE_5P_p <=> RIBULOSE_5P_p,-0.003093312148768541
706,2_PERIOD_7_PERIOD_1_PERIOD_90_RXN_c,2.7.1.90,FRUCTOSE_6P_c + 0.65 PPI_c + 0.35 aPPI_c <=> FRUCTOSE_16_DIPHOSPHATE_c + 1.05 PROTON_c + 0.7 Pi_c + 0.3 aPi_c,0.007164803517626735
707,ORNITHINE_CITRULLINE_mc,NA,L_CITRULLINE_c + L_ORNITHINE_m <=> L_CITRULLINE_m + L_ORNITHINE_c,0.0
708,pPRO_biomass,NA,2.0 PROTON_c + PRO_tRNAs_c + pPRO_b <-- Charged_PRO_tRNAs_c + Protein_polymerisation_cost_c + Protein_processing_cost_c + Protein_tranlocation_cost_c + WATER_c,0.0
709,NH4_tx,NA, <=> AMMONIUM_e,0.002724456791872856
710,ADENYLOSUCCINATE_SYNTHASE_RXN_p,6.3.4.4,0.9 GTP_p + IMP_p + L_ASPARTATE_p + 0.1 aGTP_p --> ADENYLOSUCC_p + 0.2 GDP_p + 1.3 PROTON_p + Pi_p + 0.8 aGDP_p,9.205405574638031e-05
711,FERRIC_CHELATE_REDUCTASE_RXN_c,1.16.1.7,2.0 FeIII_c + NADH_c --> 2.0 FeII_c + NAD_c + PROTON_c,0.0
712,OAA_xc,NA,OXALACETIC_ACID_x <=> OXALACETIC_ACID_c,8.244923750195028e-20
713,ATPase_tx,NA,ATPNAPDH_maintenance_constraint + 0.65 ATP_c + WATER_c + 0.35 aATP_c --> 0.5 ADP_c + 0.55 PROTON_c + 0.7 Pi_c + 0.5 aADP_c + 0.3 aPi_c,0.062
714,UDPKIN_RXN_c,2.7.4.6,0.65 ATP_c + 0.15 PROTON_c + 0.5 UDP_c + 0.35 aATP_c + 0.5 aUDP_c <=> 0.5 ADP_c + 0.5 UTP_c + 0.5 aADP_c + 0.5 aUTP_c,0.007289556643422525
715,NADPHoxp_tx,NA,NADPH_p + 0.5 OXYGEN_MOLECULE_p + PROTON_p --> 3 ATPNAPDH_maintenance_constraint + NADP_p + WATER_p,0.0
716,4_AMINO_BUTYRATE_mc,NA,4_AMINO_BUTYRATE_m <=> 4_AMINO_BUTYRATE_c,0.0
717,6PFRUCTPHOS_RXN_c,2.7.1.11,0.65 ATP_c + FRUCTOSE_6P_c + 0.35 aATP_c --> 0.5 ADP_c + FRUCTOSE_16_DIPHOSPHATE_c + 0.85 PROTON_c + 0.5 aADP_c,0.0
718,3_HYDROXYISOBUTYRYL_COA_HYDROLASE_RXN_m,3.1.2.4,CPD_12173_m + WATER_m --> CO_A_m + CPD_12175_m + PROTON_m,-3.0103553315240084e-20
719,RXN66_3_c,1.2.1.3,ACETALD_c + NAD_c + WATER_c --> ACET_c + NADH_c + 2.0 PROTON_c,0.0
720,RXN66_3_m,1.2.1.3,ACETALD_m + NAD_m + WATER_m --> ACET_m + NADH_m + 2.0 PROTON_m,0.0
721,UDPKIN_RXN_p,2.7.4.6,0.9 ATP_p + 1.73 PROTON_p + 0.81 UDP_p + 0.1 aATP_p + 0.19 aUDP_p <=> 0.8 ADP_p + 0.18 UTP_p + 0.2 aADP_p + 0.82 aUTP_p,0.0
722,RXN_10773_c,3.2.1.21,CELLULOSE_c + WATER_c --> GLC_c,0.0
723,pASN_biomass,NA,ASN_tRNAs_c + 2.0 PROTON_c + pASN_b <-- Charged_ASN_tRNAs_c + Protein_polymerisation_cost_c + Protein_processing_cost_c + Protein_tranlocation_cost_c + WATER_c,-7.959264917654941e-05
724,Sucrose_ec,NA,PROTON_e + SUCROSE_e --> PROTON_c + SUCROSE_c,0.0
725,GLY_mc,NA,GLY_m <=> GLY_c,-2.1577426930308577e-05
726,DGDPKIN_RXN_p,2.7.4.6,0.9 ATP_p + 0.5 DGDP_p + 0.1 PROTON_p + 0.1 aATP_p + 0.1 aDGDP_p + 0.4 bDGDP_p --> 0.8 ADP_p + 0.5 DGTP_p + 0.2 aADP_p + 0.1 aDGTP_p + 0.4 bDGTP_p,0.0
727,DUDPKIN_RXN_p,2.7.4.6,0.9 ATP_p + 0.81 DUDP_p + 0.1 PROTON_p + 0.1 aATP_p + 0.19 aDUDP_p --> 0.8 ADP_p + 0.81 DUTP_p + 0.2 aADP_p + 0.19 aDUTP_p,0.0
728,RXN_8991_p,4.2.1.33,CPD_9451_p + WATER_p --> 2_D_THREO_HYDROXY_3_CARBOXY_ISOCAPROATE_p,2.936998119522186e-06
729,ACETATE_COA_LIGASE_RXN_p,6.2.1.1,ACET_p + 0.9 ATP_p + CO_A_p + 0.1 aATP_p --> ACETYL_COA_p + AMP_p + 0.55 PPI_p + 0.55 PROTON_p + 0.45 bPPI_p,7.811672287931787e-05
730,ETHANOLAMINEPHOSPHOTRANSFERASE_RXN_r,2.7.8.1,CDP_ETHANOLAMINE_m + DIACYLGLYCEROL_r --> CMP_m + L_1_PHOSPHATIDYL_ETHANOLAMINE_r + 3.0 PROTON_c,0.0
731,sSUC_biomass,NA,sSUC_b <-- SUC_c,0.0
732,RXN0_2382_p,4.2.1.20,INDOLE_p + SER_p --> TRP_p + WATER_p,0.0
733,Protein_Translocation_c,NA,0.93925 ATP_c + 1.445 WATER_c + 0.50575 aATP_c --> 0.7225 ADP_c + 0.79475 PROTON_c + 1.0115 Pi_c + Protein_tranlocation_cost_c + 0.7225 aADP_c + 0.4335 aPi_c,0.0019076799617896282
734,THYMIDYLATESYN_RXN_m,2.1.1.45,DUMP_m + METHYLENE_THF_m --> DIHYDROFOLATE_m + DTMP_m,0.0
735,L_ALPHA_ALANINE_PROTON_rev_vc,NA,L_ALPHA_ALANINE_v + PROTON_v --> L_ALPHA_ALANINE_c + PROTON_c,0.0
736,ATP_CITRATE_PRO_S_LYASE_RXN_c,2.3.3.8,0.65 ATP_c + CIT_c + CO_A_c + 0.45 PROTON_c + 0.35 aATP_c --> ACETYL_COA_c + 0.5 ADP_c + OXALACETIC_ACID_c + 0.7 Pi_c + 0.5 aADP_c + 0.3 aPi_c,0.0
737,2KG_ACONITATE_mc,NA,2_KETOGLUTARATE_m + CIS_ACONITATE_c + PROTON_c <=> 2_KETOGLUTARATE_c + CIS_ACONITATE_m + PROTON_m,0.0
738,AMP_DEAMINASE_RXN_c,3.5.4.6,AMP_c + 0.7 PROTON_c + WATER_c --> AMMONIUM_c + 0.3 IMP_c + 0.7 aIMP_c,3.293483426669763e-20
739,FUMARYLACETOACETASE_RXN_c,3.7.1.2,4_FUMARYL_ACETOACETATE_c + WATER_c --> ACETOACETATE_c + FUM_c + PROTON_c,0.0
740,SO4_pc,NA,SULFATE_p <=> SULFATE_c,-7.811672287931791e-05
741,NH4_vc,NA,AMMONIUM_v <=> AMMONIUM_c,0.0
742,GLC_pc,NA,GLC_p <=> GLC_c,0.0
743,MAL_PROTON_rev_vc,NA,0.7 MAL_v + 1.7 PROTON_v + 0.3 aMAL_v --> MAL_c + 2.0 PROTON_c,0.0
744,CARBOXYCYCLOHEXADIENYL_DEHYDRATASE_RXN_p,4.2.1.91,CPD_659_p + PROTON_p --> CARBON_DIOXIDE_p + PHE_p + WATER_p,0.00010895259223696484
745,ASPARAGINE_TRNA_LIGASE_RXN_c,6.1.1.22,ASN_c + ASN_tRNAs_c + 0.65 ATP_c + PROTON_c + 0.35 aATP_c --> AMP_c + Charged_ASN_tRNAs_c + 0.65 PPI_c + 0.35 aPPI_c,7.959264917654941e-05
746,GLU6PDEHYDROG_RXN_p,1.1.1.49,GLC_6_P_p + NADP_p --> D_6_P_GLUCONO_DELTA_LACTONE_p + NADPH_p + PROTON_p,0.003818780810802658
747,METHYLENE_THF_mc,NA,METHYLENE_THF_m <=> METHYLENE_THF_c,2.1577426930308594e-05
748,GMP_SYN_GLUT_RXN_c,6.3.5.2,0.65 ATP_c + GLN_c + WATER_c + 0.93 XANTHOSINE_5_PHOSPHATE_c + 0.35 aATP_c + 0.07 aXANTHOSINE_5_PHOSPHATE_c --> AMP_c + GLT_c + 0.75 GMP_c + 0.65 PPI_c + 1.2 PROTON_c + 0.06 aGMP_c + 0.35 aPPI_c + 0.19 bGMP_c,3.293483426669764e-20
749,GLU6PDEHYDROG_RXN_c,1.1.1.49,GLC_6_P_c + NADP_c --> D_6_P_GLUCONO_DELTA_LACTONE_c + NADPH_c + PROTON_c,0.005054174039254324
750,ACETATE_COA_LIGASE_RXN_x,6.2.1.1,ACET_x + 0.65 ATP_x + CO_A_x + 0.35 aATP_x --> ACETYL_COA_x + AMP_x + 0.65 PPI_x + 0.35 aPPI_x,0.0
751,ARGININE_TRNA_LIGASE_RXN_c,6.1.1.19,ARG_c + ARG_tRNAs_c + 0.65 ATP_c + PROTON_c + 0.35 aATP_c --> AMP_c + Charged_ARG_tRNAs_c + 0.65 PPI_c + 0.35 aPPI_c,9.744401136948158e-05
752,RXN_15130_p,4.4.1.1,L_CYSTATHIONINE_p + WATER_p --> 2_OXOBUTANOATE_p + AMMONIUM_p + CYS_p,0.0
753,ADENOSINE_KINASE_RXN_c,2.7.1.20,ADENOSINE_c + 0.65 ATP_c + 0.35 aATP_c --> 0.5 ADP_c + AMP_c + 0.85 PROTON_c + 0.5 aADP_c,4.522199170721279e-19
754,AraCore_Biomass_tx,NA,0.88 Ca_b + 5.24035317082 Cellulose_b + 0.7711523918 FattyAcid_b + 0.35252680768 Glycerol_b + 1.8 K_b + 0.58 Mg_b + 0.737378316406 Starch_b + 1.13494168432 Xylan_b + 0.456109633051 pALA_b + 0.248708916305 pARG_b + 0.244231166515 pASN_b + 0.244231166515 pASP_b + 0.294390076845 pGLN_b + 0.294390076845 pGLU_b + 0.206565786551 pGLY_b + 0.0787758328997 pHIS_b + 0.164930826186 pILE_b + 0.359404209428 pLEU_b + 0.25644187977 pLYS_b + 0.108683911354 pMET_b + 0.237379330463 pPHE_b + 0.364526466737 pSER_b + 0.206565786551 pTHR_b + 0.165404065972 pTYR_b + 0.312041920884 pVAL_b + 0.455157519671 sALA_b + 0.0936480692493 sASP_b + 0.263720758392 sCIT_b + 0.00569181000938 sFUM_b + 0.0963597332263 sGABA_b + 0.348854342472 sGLN_b + 0.31716192467 sGLU_b + 0.429658909266 sMAL_b + 0.140570808172 sSUCROSE_b + 0.0664569505509 sSUC_b --> ,0.0
755,PHOSGLYPHOS_RXN_p,2.7.2.3,0.9 ATP_p + G3P_p + 0.1 PROTON_p + 0.1 aATP_p <=> 0.8 ADP_p + DPG_p + 0.2 aADP_p,-0.004778105913556371
756,2_PERIOD_7_PERIOD_7_PERIOD_44_RXN_c,2.7.7.44,CPD_510_c + 0.85 PROTON_c + 0.5 UTP_c + 0.5 aUTP_c <=> 0.65 PPI_c + UDP_GLUCURONATE_c + 0.35 aPPI_c,0.0
757,pGLN_biomass,NA,GLN_tRNAs_c + 2.0 PROTON_c + pGLN_b <-- Charged_GLN_tRNAs_c + Protein_polymerisation_cost_c + Protein_processing_cost_c + Protein_tranlocation_cost_c + WATER_c,-7.290119845197848e-05
758,SUCCINYL_COA_HYDROLASE_RXN_m,3.1.2.3,SUC_COA_m + WATER_m --> CO_A_m + PROTON_m + SUC_m,0.0
759,pHIS_biomass,NA,HIS_tRNAs_c + 2.0 PROTON_c + pHIS_b <-- Charged_HIS_tRNAs_c + Protein_polymerisation_cost_c + Protein_processing_cost_c + Protein_tranlocation_cost_c + WATER_c,-9.205405574638029e-05
760,BHBDCLOS_RXN_x,1.1.1.35,CPD_650_x + NAD_x --> ACETOACETYL_COA_x + NADH_x + PROTON_x,0.0
761,K_tx,NA, <=> KI_e,0.0
762,SULFITE_REDUCTASE_FERREDOXIN_RXN_p,1.8.7.1,6.83 PROTON_p + 6.0 Reduced_ferredoxins_p + 0.83 SO3_p + 0.17 aSO3_p --> HS_p + 6.0 Oxidized_ferredoxins_p + 3.0 WATER_p,7.81167228793179e-05
763,GLUTKIN_RXN_c,2.7.2.11,0.65 ATP_c + GLT_c + 0.35 aATP_c --> 0.5 ADP_c + 0.91 L_GLUTAMATE_5_P_c + 0.76 PROTON_c + 0.5 aADP_c + 0.09 aL_GLUTAMATE_5_P_c,0.0
764,TYROSINE_AMINOTRANSFERASE_RXN_c,2.6.1.5,2_KETOGLUTARATE_c + TYR_c <=> GLT_c + 0.53 PROTON_c + 0.53 P_HYDROXY_PHENYLPYRUVATE_c + 0.47 aP_HYDROXY_PHENYLPYRUVATE_c,0.0
765,unlProtHYPO_c,NA, --> PROTON_c,0.0
766,MYO_INOSITOL_1_PHOSPHATE_SYNTHASE_RXN_c,5.5.1.4,GLC_6_P_c --> 1_L_MYO_INOSITOL_1_P_c,0.0
767,pCYS_biomass,NA,CYS_tRNAs_c + 2.0 PROTON_c + pCYS_b <-- Charged_CYS_tRNAs_c + Protein_polymerisation_cost_c + Protein_processing_cost_c + Protein_tranlocation_cost_c + WATER_c,0.0
768,3_HYDROXYPROPIONATE_DEHYDROGENASE_RXN_m,1.1.1.59,3_HYDROXY_PROPIONATE_m + NAD_m --> MALONATE_S_ALD_m + NADH_m + PROTON_m,-4.60242494944178e-20
769,LYS_PROTON_rev_vc,NA,LYS_v + PROTON_v --> LYS_c + PROTON_c,0.0
770,2_KETOGLUTARATE_xc,NA,2_KETOGLUTARATE_x <=> 2_KETOGLUTARATE_c,0.0
771,GLY_pc,NA,GLY_p <=> GLY_c,9.205405574638033e-05
772,RXN_12486_c,2.7.7.78,GDP_D_GLUCOSE_c + 0.7 Pi_c + 0.3 aPi_c --> 0.5 GDP_c + GLC_1_P_c + 0.8 PROTON_c + 0.5 aGDP_c,0.0
773,PHOSPHATIDATE_PHOSPHATASE_RXN_p,3.1.3.4,L_PHOSPHATIDATE_p + WATER_p --> DIACYLGLYCEROL_p + Pi_p,0.0
774,SAICARSYN_RXN_p,6.3.2.6,0.9 ATP_p + L_ASPARTATE_p + 0.88 PHOSPHORIBOSYL_CARBOXY_AMINOIMIDAZOLE_p + 0.1 aATP_p + 0.12 aPHOSPHORIBOSYL_CARBOXY_AMINOIMIDAZOLE_p --> 0.8 ADP_p + 1.02 PROTON_p + P_RIBOSYL_4_SUCCCARB_AMINOIMIDAZOLE_p + Pi_p + 0.2 aADP_p,0.0
775,SER_mc,NA,SER_m <=> SER_c,0.0
776,RXN_2141_p,3.2.1.20,MALTOSE_p + WATER_p --> 2.0 GLC_p,0.0
777,ARG_ORNITHINE_mc,NA,ARG_m + L_ORNITHINE_c <=> ARG_c + L_ORNITHINE_m,1.0998357998183394e-20
778,GMP_pc,2.7.4.8,0.5 GMP_p + 0.37 PROTON_c + 0.5 bGMP_p <=> 0.75 GMP_c + 0.06 aGMP_c + 0.19 bGMP_c,-3.293483426669764e-20
779,SUCROSE_SYNTHASE_RXN_c,2.4.1.13,0.5 PROTON_c + SUCROSE_c + 0.5 UDP_c + 0.5 aUDP_c --> FRU_c + UDP_GLUCOSE_c,9.419997151448688e-05
780,RXN_14351_pc,NA,MALTOSE_p --> MALTOSE_c,0.0
781,ARG_LYS_mc,NA,ARG_m + LYS_c <=> ARG_c + LYS_m,0.0
782,GLYRIBONUCSYN_RXN_p,6.3.4.13,0.5 5_P_BETA_D_RIBOSYL_AMINE_p + 0.9 ATP_p + GLY_p + 0.18 PROTON_p + 0.5 a5_P_BETA_D_RIBOSYL_AMINE_p + 0.1 aATP_p --> 0.42 5_PHOSPHO_RIBOSYL_GLYCINEAMIDE_p + 0.8 ADP_p + Pi_p + 0.58 a5_PHOSPHO_RIBOSYL_GLYCINEAMIDE_p + 0.2 aADP_p,0.0
783,RXN66_1_c,1.11.1.6,ETOH_c + HYDROGEN_PEROXIDE_c --> ACETALD_c + 2.0 WATER_c,0.0
784,ETHANOLAMINE_KINASE_RXN_c,2.7.1.82,0.65 ATP_c + ETHANOL_AMINE_c + 0.35 aATP_c --> 0.5 ADP_c + 0.87 PHOSPHORYL_ETHANOLAMINE_c + 0.72 PROTON_c + 0.5 aADP_c + 0.13 aPHOSPHORYL_ETHANOLAMINE_c,0.0
785,ISOCITRATE_ACONITATE_mc,NA,CIS_ACONITATE_c + THREO_DS_ISO_CITRATE_m <=> CIS_ACONITATE_m + THREO_DS_ISO_CITRATE_c,0.0
786,PHOSGLYPHOS_RXN_c,2.7.2.3,0.65 ATP_c + G3P_c + 0.15 PROTON_c + 0.35 aATP_c <=> 0.5 ADP_c + DPG_c + 0.5 aADP_c,-0.008179476754701945
787,CHORISMATE_SYNTHASE_RXN_p,4.2.3.5,3_ENOLPYRUVYL_SHIKIMATE_5P_p --> CHORISMATE_p + Pi_p,0.00022287348475588325
788,MAL_CIT_mc,NA,CIT_c + MAL_m + PROTON_c <=> CIT_m + MAL_c + PROTON_m,-0.0003157868058340001
789,SPONTPRO_RXN_m,NIL,L_GLUTAMATE_GAMMA_SEMIALDEHYDE_m <=> L_DELTA1_PYRROLINE_5_CARBOXYLATE_m + PROTON_m + WATER_m,1.559817596301794e-20
790,METHYLENE_THF_pc,NA,METHYLENE_THF_p <=> METHYLENE_THF_c,9.205405574638031e-05
791,RXN_3521_p,1.11.1.11,2.0 ASCORBATE_p + HYDROGEN_PEROXIDE_p --> 2.0 CPD_318_p + 2.0 WATER_p,0.0
792,CYSTATHIONINE_BETA_LYASE_RXN_p,4.4.1.8,L_CYSTATHIONINE_p + WATER_p --> AMMONIUM_p + HOMO_CYS_p + PYRUVATE_p,7.81167228793179e-05
793,6PFRUCTPHOS_RXN_p,2.7.1.11,0.9 ATP_p + FRUCTOSE_6P_p + 0.1 aATP_p --> 0.8 ADP_p + FRUCTOSE_16_DIPHOSPHATE_p + 0.9 PROTON_p + 0.2 aADP_p,0.0
794,PRIBFAICARPISOM_RXN_p,5.3.1.16,PHOSPHORIBOSYL_FORMIMINO_AICAR_P_p --> PHOSPHORIBULOSYL_FORMIMINO_AICAR_P_p,9.205405574638031e-05
795,METHYLCROTONYL_COA_CARBOXYLASE_RXN_m,6.4.1.4,3_METHYL_CROTONYL_COA_m + 0.9 ATP_m + HCO3_m + 0.1 aATP_m --> 0.8 ADP_m + 0.6 PROTON_m + Pi_m + TRANS_3_METHYL_GLUTACONYL_COA_m + 0.2 aADP_m,0.0
796,ATP_AMP_mc,NA,AMP_c + 0.9 ATP_m + 0.35 PROTON_c + 0.1 aATP_m <=> AMP_m + 0.65 ATP_c + 0.1 PROTON_m + 0.35 aATP_c,0.001987272610966178
797,METHYLENETHFDEHYDROG_NADP_RXN_c,1.5.1.5,METHYLENE_THF_c + NADP_c --> 5_10_METHENYL_THF_c + NADPH_c,9.20540557463803e-05
798,GLN_PROTON_vc,NA,GLN_c + PROTON_v --> GLN_v + PROTON_c,0.0
799,SPONTPRO_RXN_c,NIL,L_GLUTAMATE_GAMMA_SEMIALDEHYDE_c <=> L_DELTA1_PYRROLINE_5_CARBOXYLATE_c + WATER_c,0.0
800,ARG_mc,NA,ARG_m <=> ARG_c,-1.0998357998183394e-20
801,Phytol_degradation_p,NA,2.0 NAD_p + PHYTOL_p + WATER_p --> CPD_14927_p + 2.0 NADH_p + 3.0 PROTON_p,0.0
802,GLC_tx,NA, --> GLC_e,0.019815727305837645
803,SER_pc,NA,SER_p <=> SER_c,0.00024179894530286348
804,Biomass_dividing,,1.21353638627e-05 CIT_b + 0.00416717499391 Cellulose_b + 5.42737755706e-05 FRU_b + 8.99782225562e-05 GLC_b + 0.000266370286767 L_PHOSPHATIDATE_p + 4.14107946389e-06 MAL_b + 0.0003168809296 Protein_b + 3.27388161859e-05 SUCROSE_b + 0.00112976019481 Starch_b --> ,1.73564434248779
805,CIT_v_biomass,,0.5 CIT_v + 2.5 VC + 0.5 aCIT_v --> CIT_b + VO,2.1062675632297565e-05
806,CIT_c_biomass,,3 CC + CIT_c --> CIT_b + CO,0.0
807,SUCROSE_v_biomass,,SUCROSE_v --> SUCROSE_b + VO,0.0
808,SUCROSE_c_biomass,,SUCROSE_c --> CO + SUCROSE_b,5.682294109274532e-05
809,GLC_v_biomass,,GLC_v --> GLC_b + VO,6.856832821441131e-05
810,GLC_c_biomass,,GLC_c --> CO + GLC_b,8.760186471241828e-05
811,FRU_v_biomass,,FRU_v --> FRU_b + VO,9.419997151448687e-05
812,FRU_c_biomass,,FRU_c --> CO + FRU_b,0.0
813,MAL_v_biomass,,0.7 MAL_v + 1.7 VC + 0.3 aMAL_v --> MAL_b + VO,7.187441143296452e-06
814,MAL_c_biomass,,2 CC + MAL_c --> CO + MAL_b,0.0
815,NITRATE_v_biomass,,NITRATE_v + VC --> NITRATE_b + VO,0.0
816,NITRATE_c_biomass,,CC + NITRATE_c --> CO + NITRATE_b,0.0
817,NITRATE_b_biomass,,NITRATE_b --> ,0.0
818,AMMONIUM_v_biomass,,AMMONIUM_v --> AMMONIUM_b + VC + VO,0.0
819,AMMONIUM_c_biomass,,AMMONIUM_c --> AMMONIUM_b + CC + CO,0.0
820,AMMONIUM_b_biomass,,AMMONIUM_b --> ,0.0
821,MGII_v_biomass,,MGII_v --> MGII_b + 2 VC + VO,3.243766951217394e-05
822,MGII_c_biomass,,MGII_c --> 2 CC + CO + MGII_b,0.0
823,MGII_b_biomass,,MGII_b --> ,3.243766951217394e-05
824,KI_v_biomass,,KI_v --> KI_b + VC + VO,0.0
825,KI_c_biomass,,KI_c --> CC + CO + KI_b,0.0
826,KI_b_biomass,,KI_b --> ,0.0
827,CAII_v_biomass,,CAII_v --> CAII_b + 2 VC + VO,0.0
828,CAII_c_biomass,,CAII_c --> CAII_b + 2 CC + CO,0.0
829,CAII_b_biomass,,CAII_b --> ,0.0
830,VacCytRatio,,CO + 1.54721403135 VO --> 2.54721403135 TotalSolute,0.0001444248058051636
831,TotalSoluteConstraint,,TotalSolute --> ,0.0003678808918218297
